title,genre,publ_place,publ_year
Hétköznapok,regény,Pest,1846
Vadon virágai,novella,Pest,1848
Forradalmi és csataképek 1848. és 1849-ből,novella,Pest,1850
Egy bujdosó naplója. Novellák a forradalom utáni időkből,novella,Pest,1851
Hangok a vihar után,novella,Pest,1852
Erdély aranykora,regény,Pest,1852
A kétszarvú ember,novella,Pest,1852
Török világ Magyarországon,regény,Pest,1853
Egy magyar nábob,regény,Pest,1853–54
Janicsárok végnapjai,regény,Pest,1854
Erdélyi képek,novella,Pest,1854
Kárpáthy Zoltán,regény,Pest,1854
A magyar nemzet története,,Pest,1854
Véres könyv. Csataképek a jelenkori háborúból,,Pest,1855
A magyar előidőkből,novella,Pest,1855
Tarka élet,,Pest,1855–56
Oczeánia Egy elsülyedt világrész története,,Pest,1856
Délvirágok,,Pest,1856
Árnyképek,novella,Pest,1856
Szomorú napok,regény,Pest,1856
A magyar nép adomái,,Pest,1856
A legvitézebb huszár,regény,Pest,1856
A régi jó táblabírák,regény,Pest,1856
Sonkolyi Gergely. Isten nyugosztalja meg szegényt!,novella,Pest,1857
A Varchoniták,,Pest,1857
Fortunatus Imre,,Pest,1857
A kalóz-király. Történeti novella,novella,Pest,1857
Novellák,novella,Pest,1857
Népvilág,elbeszélés,Pest,1857
A kétszarvú ember. Históriai beszély,,Pest,1858
Regék,,Pest,1858
Az elátkozott család,regény,Pest,1858
A bűntárs,,Pest,1858
Jókai Mór Decameronja,novella,Pest,1858–60
Szegény gazdagok,regény,Pest,1860
A magyar néphumorról,beszéd,Pest,1860
Carinus,novella,Pest,1860
Színművek,dráma,Pest,1860
A serfőző,,Pest,1860
Jókay Mór beszéde. Tartatott május 24-kén 1861,beszéd,Pest,1861
Jókai és báró Podmaniczky Frigyes beszédei,beszéd,Pest,1861
A fehér rózsa,regény,Pest,1862
Téli zöld. Jókai Mór műveiből válogatott elbeszélések az ifjúság számára,novella,Pest,1862
Magyarhon szépségei,,Pest,1862
Az új földesúr,regény,Budapest,1862
Szélcsend alatt,elbeszélés,Pest,1862
Felfordult világ,Humorisztikus dolgozatok,Pest,1863
Politikai divatok,regény,Pest,1862–64
Milyenek a nők?,elbeszélés,Pest,1865
Milyenek a férfiak?,elbeszélés,Pest,1865
Mire megvénülünk,regény,Pest,1865
Virradóra,novella,Pest,1868
Szerelem bolondjai,regény,Budapest,1868–1869
"Mit akar az ellenzék, forradalmat vagy reformot?",beszéd,Pest,1869
A malom alatt,elbeszélés,Budapest,1869
Beszéde a pest-terézvárosi választókhoz febr. 28. 1869.,beszéd,Budapest,1869
A kőszívű ember fiai,regény,Budapest,1869
Jókai Mór válogatott beszélyei,beszéd,Pest,1870
Fekete gyémántok,regény,Pest,1870
A véres kenyér. Egy ifjú hős naplója,,Pest,1872
Föld felett és víz alatt,regény,Budapest,1872
Ha az ellenzék többségre jut. Programmbeszéd,beszéd,Pest,1872
A baloldal az igazi reformpárt. Képviselői jelentés Pest-Terézváros polgáraihoz,,Budapest,1872
A magyar nép élcze szép hegedűszóban,,Pest,1872
Eppur si muove. És mégis mozog a föld!,regény,Budapest,1872–73
Az arany ember,regény,Pest,1872
A fekete sereg,,Pest,1873
A fránya hadnagy,,Pest,1873
Debreczen,,s.l.,1873
Kis dekameron. Válogatott beszélyek a serdülő ifjúság számára kiszemelve s itt-ott módosítva,,Pest,1873
A jövő század regénye,regény,Pest,1872–74
A szegénység útja,,Budapest,1874
Petki Farkas leányai. Regényes kép a múltból,regény,Budapest,1874
"Egy ember, aki mindent tud",regény,Budapest,1874
"Enyém, tied, övé",regény,Budapest,1875
Emlékeim,,Budapest,1875
Jókai Mór forradalom alatt írt művei. 1848–1849.,,Budapest,1875
Jókai Mór elbeszélő költeményei és satyrái,,Budapest,1875
A debreceni lunátikus,elbeszélés,Budapest,1876
Egész az északi polusig! Vagy: mi lett tovább a Tegethoffal? Regény egy hajón hátramaradt matróz feljegyzése után,regény,Budapest,1876
Az élet komédiásai,regény,Budapest,1876
Egy az Isten,regény,Budapest,1877
Névtelen vár,regény,Budapest,1877
Szép Mikhál,regény,Budapest,1877
Milton,dráma,Budapest,1877
Elbeszélések,elbeszélés,Budapest,1877
Az életből ellesve. Beszélyek,beszéd,Budapest,1878
Egy asszonyi hajszál. Történelmi regény-vázlat,regény,Budapest,1878
Észak honából. Muszka rajzok.,,Budapest,1878
Görögtűz,elbeszélés,Budapest,1878
Jókai Mór programmbeszéde. tartatott a józsefvárosi választók előtt július 21.,beszéd,Budapest,1878
Mondjuk ki az igazat,,Budapest,1878
Egy hírhedt kalandor a XVII. századból,regény,Budapest,1879
Hős Pálfy. Drámai jelenetek 3 képben,dráma,Budapest,1879
Rab Ráby,regény,Pozsony,1879
"Szabadság a hó alatt, vagy a zöld könyv",regény,Budapest,1879
A rútak rútja,,Budapest,1879
A magyar világból. Elbeszélések a felnőtt ifjúság számára,elbeszélés,Pozsony,1879–1880
Jókai Mór beszéde és költségvetési ügyben a képviselőház 1880. febr. 26. üléséből,beszéd,Budapest,1880
Beszéde a váci szabadelvűpárt értekezletén. Máj. 1.,beszéd,Budapest,1881
Háromszéki beszédek,beszéd,Sepsiszentgyörgy,1881
Akik kétszer halnak meg,regény,Budapest,1881
Páter Péter,regény,Budapest,1881
"Asszonyt kísér, Istent kísért",regény,Budapest,1881
Targallyak,beszéd,Budapest,1882
A ma,regény,Budapest,1882
Dekameron. Száz novella,novella,Budapest,1882
Szeretve mind a vérpadig. Történeti regény a Rákóczy korból,regény,Budapest,1882
"Egy játékos, aki nyer",regény,Budapest,1882
Mátyás diák és Bente Úr. Néprege Mátyás királyról Versbe szedte,,Budapest,1882
Mátyás király és a szegény varga. A cinkotai kántor,Verses elbeszélés,Budapest,1882
Beszélyek,beszéd,Budapest,1883
A puskás Kalári,székely monda,Budapest,1883
Oroszlánhűség. Költői elbeszélés,elbeszélés,Budapest,1883
A pénz betegségei,elbeszélés,Budapest,1883
Bálványos vár,regény,Budapest,1883
A Damokosok,regény,Budapest,1883
Beszéde a budget-törvényjavaslat fölött a képviselőház 1880. decz. 4. ülésében,,Budapest,1884
Negyven év viszhangja,,Budapest,1884
Magyar föld,,Budapest,1884
Minden poklokon keresztül,regény,Budapest,1884
Magyarország története a népiskolák számára,,Budapest,1884
"Jókai Mór programmbeszéde. Kassán, 1884. május 25.",beszéd,Budapest,1884
A lőcsei fehér asszony,regény,Budapest,1885
Az arany ember,dráma,Budapest,1885
A cigánybáró,regény,Budapest,1885
A kiskirályok,regény,Budapest,1886
Fekete gyémántok,dráma,Budapest,1886
Életemből. Igaz történetek. Örök emlékek. Humor. Útleírás,,Budapest,1886
Még egy csokrot,elbeszélés,Budapest,1886
Koronát szerelemért,,Budapest,1886
A Maglay család. A ki holta után áll bosszút. Két elbeszélés,elbeszélés,Budapest,1887
Keresd a szived,dráma,Budapest,1887
A három márványfej,regény,Budapest,1887
Olympi verseny. Ábrándkép a budapesti nemzeti színház ötven éves fennállásának ünnepére,,Budapest,1887
"Gr. Benyovszky Móricz életrajza. Saját emlékiratai és útleírásai. Képekkel, térképekkel, autographokkal sat.",,Budapest,1887–88
Jocus és Momus,,Budapest,1888
Lenczi Fráter,regény,Budapest,1888
Utazás egy sírdomb körül,,Budapest,1889
"Aki a szivét a homlokán hordja. Rege, regény és való",regény,Budapest,1889
A lélekidomár,regény,Budapest,1888–1889
A tengerszemű hölgy,regény,Budapest,1890
Gazdag szegények,regény,Budapest,1890
"Thespis kordéja, vagy a földön járó csillagok",,Budapest,1890
Napraforgók. Újabb elbeszélések,elbeszélés,Budapest,1890
Nincsen ördög,regény,Budapest,1891
Fekete vér,regény,Budapest,1892
Rákóczy fia,regény,Budapest,1892
Mesekönyv,,Budapest,1892
Két menyegző,elbeszélés,Budapest,1892
Jókai Mór meséskönyve,,Budapest,1892
Házasság éhségből és egyéb elbeszélések,elbeszélés,Budapest,1893
Vén emberek nyara és egyéb elbeszélések,elbeszélés,Budapest,1893
Kétszer kettő négy és egyéb elbeszélések,elbeszélés,Budapest,1893
Sárga rózsa,regény,Budapest,1893
Fráter György,regény,Budapest,1893
A két Trenk,regény,Budapest,1893
Színművek,dráma,Budapest,1893
Csataképek a magyar szabadságharczból,,Budapest,1894
Három királyné,,Budapest,1894
Az egyhuszasos leány. Száz leány egy rakáson és egyéb elbeszélések,elbeszélés,Budapest,1894
Magnéta,regény,Budapest,1895
Trenck Frigyes,regény,Budapest,1895
A Kráó,regény,Budapest,1895
Tégy jót,regény,Budapest,1895
Magyar nemzeti vértanúk,,Budapest,1895
A Barangok vagy A paeoniai vojvoda,Vígjáték,Budapest,1896
De kár megvénülni,regény,Budapest,1896
Kertészgazdászati jegyzetek,,Budapest,1896
Budapestnek emlékül,Versek,Budapest,1896
Megtörtént regék,beszéd,Budapest,1897
Ne hagyd magad! És egyéb elbeszélések,elbeszélés,Budapest,1897
Az apja fia. És egyéb elbeszélések,elbeszélés,Budapest,1897
Őszi fény. Újabb elbeszélések,elbeszélés,Budapest,1898
Mesék és regék,,Budapest,1898
A barátfalvi lévita,,Budapest,1898
Levente,Történelmi drámai költemény,Budapest,1898
Költemények,Versek,Budapest,1898
Emlékbeszéd Rudolf trónörökösről és egyéb beszédek,beszéd,Budapest,1898
Helvila,dráma,Budapest,1898
A nagyenyedi két fűzfa,elbeszélés,Budapest,1898
A hazajáró lélek,,Budapest,1898
Mátyás király és a szegény varga,,Budapest,1898
A tengerszem tündére,Rege,Budapest,1898
Thonuzoba pogány vezér hősi halála,,Budapest,1898
A peregrinus,,Budapest,1898
Szép angyalka. Kis képek,novella,Budapest,1899
Öreg ember nem vén ember. Képzelt regény négy részben,regény,,1900
Tallérossy Zebulon levelei Mindenváró Ádámhoz,,Budapest,1900
Egetvívó asszonyszív,történelmi regény,Budapest,1902
A börtön virága,regény,,1904
Aranyember,,Budapest,1919
