author,region1,region2
DÉRY Tibor: Niki,Argentina,Belgium
DÉRY Tibor: Niki,Argentina,Czechoslovakia-cseh
DÉRY Tibor: Niki,Argentina,Denmark
DÉRY Tibor: Niki,Argentina,Federal Republic of Germany
DÉRY Tibor: Niki,Argentina,Finland
DÉRY Tibor: Niki,Argentina,France
"KACZÉR Illés: Ne félj szolgám, Jákob",Argentina,Israel
KÖRMENDI Ferenc: Bűnösök,Argentina,Italy
DÉRY Tibor: Niki,Argentina,Italy
KÖRMENDI Ferenc: Bűnösök,Argentina,Netherlands
DÉRY Tibor: Niki,Argentina,Norway
DÉRY Tibor: Niki,Argentina,Poland
DÉRY Tibor: Niki,Argentina,Sweden
DÉRY Tibor: Niki,Argentina,Turkey
KÖRMENDI Ferenc: Bűnösök,Argentina,UK
"KACZÉR Illés: Ne félj szolgám, Jákob",Argentina,UK
DÉRY Tibor: Niki,Argentina,UK
DÉRY Tibor: Niki,Argentina,USA
DÉRY Tibor: Niki,Argentina,Yugoslavia
HARSÁNYI Zsolt: Magyar rapszódia: Liszt életének regénye,Australia,Austria
HARSÁNYI Zsolt: Magyar rapszódia: Liszt életének regénye,Australia,Belgium
HARSÁNYI Zsolt: Magyar rapszódia: Liszt életének regénye,Australia,Brasil
HARSÁNYI Zsolt: Magyar rapszódia: Liszt életének regénye,Australia,Federal Republic of Germany
HARSÁNYI Zsolt: Magyar rapszódia: Liszt életének regénye,Australia,Finland
HARSÁNYI Zsolt: Magyar rapszódia: Liszt életének regénye,Australia,France
HARSÁNYI Zsolt: Magyar rapszódia: Liszt életének regénye,Australia,Israel
HARSÁNYI Zsolt: Magyar rapszódia: Liszt életének regénye,Australia,Netherlands
HARSÁNYI Zsolt: Magyar rapszódia: Liszt életének regénye,Australia,Norway
HARSÁNYI Zsolt: Magyar rapszódia: Liszt életének regénye,Australia,Sweden
HARSÁNYI Zsolt: Magyar rapszódia: Liszt életének regénye,Australia,Turkey
HARSÁNYI Zsolt: Magyar rapszódia: Liszt életének regénye,Australia,Yugoslavia
HARSÁNYI Zsolt: És mégis mozog a föld,Austria,Belgium
HARSÁNYI Zsolt: Magdolna,Austria,Belgium
PASSUTH László: Esőisten siratja Mexikót,Austria,Belgium
HARSÁNYI Zsolt: Magyar rapszódia: Liszt életének regénye,Austria,Belgium
HARSÁNYI Zsolt: Élni jó. Rubens életének regénye,Austria,Belgium
HARSÁNYI Zsolt: Galgó három felesége,Austria,Belgium
PASSUTH László: Esőisten siratja Mexikót,Austria,Brasil
HARSÁNYI Zsolt: Magyar rapszódia: Liszt életének regénye,Austria,Brasil
ILLÉS Béla: Szkipetárok,Austria,Bulgaria
ÖRKÉNY István: Házastársak,Austria,Bulgaria
ZILAHY Lajos: A fegyverek visszanéznek,Austria,Bulgaria
KRÚDY Gyula: A vörös postakocsi,Austria,Bulgaria
ZILAHY Lajos: A lélek kialszik,Austria,Chile
DÉRY Tibor: A befejezetlen mondat,Austria,Czechoslovakia-cseh
ILLÉS Béla: Szkipetárok,Austria,Czechoslovakia-cseh
PASSUTH László: Esőisten siratja Mexikót,Austria,Czechoslovakia-cseh
"FEJES Endre: Jó estét nyár, jó estét szerelem",Austria,Czechoslovakia-cseh
SZÁNTÓ György: Stradivari,Austria,Czechoslovakia-cseh
ILLYÉS Gyula: Kháron ladikján,Austria,Czechoslovakia-cseh
BALÁZS Béla: Álmodó ifjúság,Austria,Czechoslovakia-szlovák
ILLÉS Béla: Szkipetárok,Austria,Czechoslovakia-szlovák
PASSUTH László: Esőisten siratja Mexikót,Austria,Czechoslovakia-szlovák
ILLYÉS Gyula: Kháron ladikján,Austria,Czechoslovakia-szlovák
MÁRAI Sándor: Az igazi,Austria,Denmark
ESTERHÁZY Péter: A szív segédigéi,Austria,Denmark
BALÁZS Béla: Álmodó ifjúság,Austria,Federal Republic of Germany
DÉRY Tibor: A befejezetlen mondat,Austria,Federal Republic of Germany
HARSÁNYI Zsolt: Ecce homo,Austria,Federal Republic of Germany
HARSÁNYI Zsolt: És mégis mozog a föld,Austria,Federal Republic of Germany
HARSÁNYI Zsolt: Magdolna,Austria,Federal Republic of Germany
HARSÁNYI Zsolt: Mathias rex,Austria,Federal Republic of Germany
KOMÁROMI János: Zúg a fenyves,Austria,Federal Republic of Germany
MÁRAI Sándor: Az igazi,Austria,Federal Republic of Germany
MÁRAI Sándor: Válás Budán,Austria,Federal Republic of Germany
MÁRAI Sándor: Vendégjáték Bolzanóban,Austria,Federal Republic of Germany
VASZARY Gábor: Hárman egymás ellen,Austria,Federal Republic of Germany
HARSÁNYI Zsolt: Magyar rapszódia: Liszt életének regénye,Austria,Federal Republic of Germany
KÖRMENDI Ferenc: A budapesti kaland,Austria,Federal Republic of Germany
PASSUTH László: A mantuai herceg muzsikusa,Austria,Federal Republic of Germany
SZÁSZ Imre: Felhőfejes,Austria,Federal Republic of Germany
ESTERHÁZY Péter: A szív segédigéi,Austria,Federal Republic of Germany
ESTERHÁZY Péter: Ki szavatol a lady biztonságáért?,Austria,Federal Republic of Germany
HARSÁNYI Zsolt: Élni jó. Rubens életének regénye,Austria,Federal Republic of Germany
HARSÁNYI Zsolt: Whisky szódával,Austria,Federal Republic of Germany
MÁRAI Sándor: Az igazi,Austria,Finland
ZILAHY Lajos: A fegyverek visszanéznek,Austria,Finland
ZILAHY Lajos: Valamit visz a víz,Austria,Finland
HARSÁNYI Zsolt: Magyar rapszódia: Liszt életének regénye,Austria,Finland
SZÁSZ Imre: Felhőfejes,Austria,Finland
ILLYÉS Gyula: Kháron ladikján,Austria,Finland
PILINSZKY János: Források:,Austria,Finland
HARSÁNYI Zsolt: Élni jó. Rubens életének regénye,Austria,Finland
HARSÁNYI Zsolt: Galgó három felesége,Austria,Finland
DÉRY Tibor: A befejezetlen mondat,Austria,France
HARSÁNYI Zsolt: És mégis mozog a föld,Austria,France
MÁRAI Sándor: A gyertyák csonkig égnek,Austria,France
ZILAHY Lajos: A fegyverek visszanéznek,Austria,France
ZILAHY Lajos: A lélek kialszik,Austria,France
PASSUTH László: Esőisten siratja Mexikót,Austria,France
HARSÁNYI Zsolt: Magyar rapszódia: Liszt életének regénye,Austria,France
KÖRMENDI Ferenc: A budapesti kaland,Austria,France
ZILAHY Lajos: A dühödt angyal,Austria,France
ILLYÉS Gyula: Kháron ladikján,Austria,France
PILINSZKY János: Források:,Austria,France
DÉRY Tibor: A befejezetlen mondat,Austria,GDR
ÖRKÉNY István: Házastársak,Austria,GDR
PASSUTH László: A mantuai herceg muzsikusa,Austria,GDR
PASSUTH László: Lagúnák,Austria,GDR
KRÚDY Gyula: A vörös postakocsi,Austria,GDR
ILLYÉS Gyula: Kháron ladikján,Austria,GDR
KRÚDY Gyula: A vörös postakocsi,Austria,Hungary
PILINSZKY János: Források:,Austria,Hungary
FEKETE István: Lutra,Austria,Hungary
HARSÁNYI Zsolt: Magyar rapszódia: Liszt életének regénye,Austria,Israel
HARSÁNYI Zsolt: És mégis mozog a föld,Austria,Italy
ZILAHY Lajos: A dühödt angyal,Austria,Italy
ESTERHÁZY Péter: A szív segédigéi,Austria,Italy
HARSÁNYI Zsolt: Élni jó. Rubens életének regénye,Austria,Italy
HARSÁNYI Zsolt: És mégis mozog a föld,Austria,Japan
ZILAHY Lajos: Halálos tavasz,Austria,Japan
PASSUTH László: Esőisten siratja Mexikót,Austria,Mexico
HARSÁNYI Zsolt: És mégis mozog a föld,Austria,Netherlands
HARSÁNYI Zsolt: Magdolna,Austria,Netherlands
HARSÁNYI Zsolt: Magyar rapszódia: Liszt életének regénye,Austria,Netherlands
PASSUTH László: Fekete bársonyban,Austria,Netherlands
PILINSZKY János: Források:,Austria,Netherlands
HARSÁNYI Zsolt: Élni jó. Rubens életének regénye,Austria,Netherlands
HARSÁNYI Zsolt: Életre-halálra,Austria,Netherlands
HARSÁNYI Zsolt: Whisky szódával,Austria,Netherlands
HARSÁNYI Zsolt: Magyar rapszódia: Liszt életének regénye,Austria,Norway
HÁY Gyula: A sevcsenkoi hullámvadász,Austria,Poland
ILLÉS Béla: Szkipetárok,Austria,Poland
PASSUTH László: Lagúnák,Austria,Poland
"FEJES Endre: Jó estét nyár, jó estét szerelem",Austria,Poland
SZÁNTÓ György: Stradivari,Austria,Poland
G. SZABÓ Judit: A macskát visszafelé simogatják,Austria,Poland
SZÁSZ Imre: Felhőfejes,Austria,Poland
ILLYÉS Gyula: Kháron ladikján,Austria,Poland
ÖRKÉNY István: Házastársak,Austria,Romania
PASSUTH László: A mantuai herceg muzsikusa,Austria,Romania
SZÁNTÓ György: Stradivari,Austria,Romania
MIKES Kelemen: Törökországi levelek,Austria,Romania
HARSÁNYI Zsolt: Magdolna,Austria,Spain
MÁRAI Sándor: A gyertyák csonkig égnek,Austria,Spain
MÁRAI Sándor: Az igazi,Austria,Spain
MÁRAI Sándor: Vendégjáték Bolzanóban,Austria,Spain
ZILAHY Lajos: A fegyverek visszanéznek,Austria,Spain
ZILAHY Lajos: A lélek kialszik,Austria,Spain
ZILAHY Lajos: Csöndes élet,Austria,Spain
ZILAHY Lajos: Valamit visz a víz,Austria,Spain
PASSUTH László: Esőisten siratja Mexikót,Austria,Spain
MÁRAI Sándor: A nővér,Austria,Spain
PASSUTH László: Fekete bársonyban,Austria,Spain
ZILAHY Lajos: Halálos tavasz,Austria,Spain
ZILAHY Lajos: Két fogoly,Austria,Spain
PASSUTH László: A mantuai herceg muzsikusa,Austria,Spain
ZILAHY Lajos: A dühödt angyal,Austria,Spain
PASSUTH László: A bíborban született,Austria,Spain
PASSUTH László: Lagúnák,Austria,Spain
HARSÁNYI Zsolt: Whisky szódával,Austria,Spain
HARSÁNYI Zsolt: Magyar rapszódia: Liszt életének regénye,Austria,Sweden
ILLYÉS Gyula: Kháron ladikján,Austria,Sweden
ESTERHÁZY Péter: A szív segédigéi,Austria,Sweden
HARSÁNYI Zsolt: Galgó három felesége,Austria,Sweden
BALÁZS Béla: Álmodó ifjúság,Austria,Switzerland
HARSÁNYI Zsolt: És mégis mozog a föld,Austria,Switzerland
MÁRAI Sándor: Válás Budán,Austria,Switzerland
ZILAHY Lajos: A dühödt angyal,Austria,Switzerland
PILINSZKY János: Források:,Austria,Switzerland
HARSÁNYI Zsolt: Magyar rapszódia: Liszt életének regénye,Austria,Turkey
ZILAHY Lajos: Két fogoly,Austria,Turkey
ILLÉS Béla: Szkipetárok,Austria,UK
PASSUTH László: Esőisten siratja Mexikót,Austria,UK
ZILAHY Lajos: A dühödt angyal,Austria,UK
PASSUTH László: Esőisten siratja Mexikót,Austria,USA
ZILAHY Lajos: Két fogoly,Austria,USA
ZILAHY Lajos: A dühödt angyal,Austria,USA
DÉRY Tibor: A befejezetlen mondat,Austria,Yugoslavia
HARSÁNYI Zsolt: És mégis mozog a föld,Austria,Yugoslavia
ZILAHY Lajos: A fegyverek visszanéznek,Austria,Yugoslavia
ZILAHY Lajos: A lélek kialszik,Austria,Yugoslavia
ZILAHY Lajos: Valamit visz a víz,Austria,Yugoslavia
PASSUTH László: Esőisten siratja Mexikót,Austria,Yugoslavia
HARSÁNYI Zsolt: Magyar rapszódia: Liszt életének regénye,Austria,Yugoslavia
ZILAHY Lajos: Halálos tavasz,Austria,Yugoslavia
ZILAHY Lajos: Két fogoly,Austria,Yugoslavia
ZILAHY Lajos: A dühödt angyal,Austria,Yugoslavia
G. SZABÓ Judit: A macskát visszafelé simogatják,Austria,Yugoslavia
ESTERHÁZY Péter: A szív segédigéi,Austria,Yugoslavia
PASSUTH László: Esőisten siratja Mexikót,Belgium,Brasil
HARSÁNYI Zsolt: Magyar rapszódia: Liszt életének regénye,Belgium,Brasil
PASSUTH László: Esőisten siratja Mexikót,Belgium,Czechoslovakia-cseh
DÉRY Tibor: Niki,Belgium,Czechoslovakia-cseh
PASSUTH László: Esőisten siratja Mexikót,Belgium,Czechoslovakia-szlovák
FÖLDES Jolán: A halászó macska uccája,Belgium,Czechoslovakia-szlovák
DÉRY Tibor: Niki,Belgium,Denmark
HARSÁNYI Zsolt: És mégis mozog a föld,Belgium,Federal Republic of Germany
HARSÁNYI Zsolt: Magdolna,Belgium,Federal Republic of Germany
JUST Béla: Allegro barbaro,Belgium,Federal Republic of Germany
KÖRMENDI Ferenc: A boldog emberöltő,Belgium,Federal Republic of Germany
MIKSZÁTH Kálmán: A szelistyei asszonyok,Belgium,Federal Republic of Germany
JUST Béla: Az eszelősök,Belgium,Federal Republic of Germany
JUST Béla: Gortstrasse harmadik emelet (?),Belgium,Federal Republic of Germany
DÉRY Tibor: Niki,Belgium,Federal Republic of Germany
KARDOS G. György: Avraham Bogatir hét napja,Belgium,Federal Republic of Germany
HARSÁNYI Zsolt: Élni jó. Rubens életének regénye,Belgium,Federal Republic of Germany
HARSÁNYI Zsolt: Magyar rapszódia: Liszt életének regénye,Belgium,Federal Republic of Germany
HARSÁNYI Zsolt: Galgó három felesége,Belgium,Finland
DÉRY Tibor: Niki,Belgium,Finland
HARSÁNYI Zsolt: Élni jó. Rubens életének regénye,Belgium,Finland
HARSÁNYI Zsolt: Magyar rapszódia: Liszt életének regénye,Belgium,Finland
HARSÁNYI Zsolt: És mégis mozog a föld,Belgium,France
JUST Béla: Allegro barbaro,Belgium,France
JUST Béla: Az eszelősök,Belgium,France
PASSUTH László: Esőisten siratja Mexikót,Belgium,France
FÖLDES Jolán: A halászó macska uccája,Belgium,France
DÉRY Tibor: Niki,Belgium,France
KARDOS G. György: Avraham Bogatir hét napja,Belgium,France
HARSÁNYI Zsolt: Magyar rapszódia: Liszt életének regénye,Belgium,France
KARDOS G. György: Avraham Bogatir hét napja,Belgium,GDR
"MIKSZÁTH Kálmán: Prakovszky, a siket kovács",Belgium,Hungary
KARDOS G. György: Avraham Bogatir hét napja,Belgium,Israel
HARSÁNYI Zsolt: Magyar rapszódia: Liszt életének regénye,Belgium,Israel
HARSÁNYI Zsolt: És mégis mozog a föld,Belgium,Italy
"MIKSZÁTH Kálmán: Prakovszky, a siket kovács",Belgium,Italy
JUST Béla: Az eszelősök,Belgium,Italy
DÉRY Tibor: Niki,Belgium,Italy
KARDOS G. György: Avraham Bogatir hét napja,Belgium,Italy
HARSÁNYI Zsolt: Élni jó. Rubens életének regénye,Belgium,Italy
HARSÁNYI Zsolt: És mégis mozog a föld,Belgium,Japan
PASSUTH László: Esőisten siratja Mexikót,Belgium,Mexico
HARSÁNYI Zsolt: És mégis mozog a föld,Belgium,Netherlands
HARSÁNYI Zsolt: Magdolna,Belgium,Netherlands
FÖLDES Jolán: A halászó macska uccája,Belgium,Netherlands
JUST Béla: Gortstrasse harmadik emelet (?),Belgium,Netherlands
HARSÁNYI Zsolt: Élni jó. Rubens életének regénye,Belgium,Netherlands
HARSÁNYI Zsolt: Magyar rapszódia: Liszt életének regénye,Belgium,Netherlands
DÉRY Tibor: Niki,Belgium,Norway
KARDOS G. György: Avraham Bogatir hét napja,Belgium,Norway
HARSÁNYI Zsolt: Magyar rapszódia: Liszt életének regénye,Belgium,Norway
JUST Béla: Az eszelősök,Belgium,Poland
FÖLDES Jolán: A halászó macska uccája,Belgium,Poland
DÉRY Tibor: Niki,Belgium,Poland
FÖLDES Jolán: A halászó macska uccája,Belgium,Portugal
MIKSZÁTH Kálmán: A szelistyei asszonyok,Belgium,Romania
HARSÁNYI Zsolt: Magdolna,Belgium,Spain
KÖRMENDI Ferenc: A boldog emberöltő,Belgium,Spain
PASSUTH László: Esőisten siratja Mexikót,Belgium,Spain
HARSÁNYI Zsolt: Galgó három felesége,Belgium,Sweden
DÉRY Tibor: Niki,Belgium,Sweden
KARDOS G. György: Avraham Bogatir hét napja,Belgium,Sweden
HARSÁNYI Zsolt: Magyar rapszódia: Liszt életének regénye,Belgium,Sweden
HARSÁNYI Zsolt: És mégis mozog a föld,Belgium,Switzerland
DÉRY Tibor: Niki,Belgium,Turkey
HARSÁNYI Zsolt: Magyar rapszódia: Liszt életének regénye,Belgium,Turkey
PASSUTH László: Esőisten siratja Mexikót,Belgium,UK
DÉRY Tibor: Niki,Belgium,UK
PASSUTH László: Esőisten siratja Mexikót,Belgium,USA
DÉRY Tibor: Niki,Belgium,USA
KARDOS G. György: Avraham Bogatir hét napja,Belgium,USA
HARSÁNYI Zsolt: És mégis mozog a föld,Belgium,Yugoslavia
PASSUTH László: Esőisten siratja Mexikót,Belgium,Yugoslavia
DÉRY Tibor: Niki,Belgium,Yugoslavia
KARDOS G. György: Avraham Bogatir hét napja,Belgium,Yugoslavia
HARSÁNYI Zsolt: Magyar rapszódia: Liszt életének regénye,Belgium,Yugoslavia
MÓRICZ Zsigmond: Árvácska,Brasil,China
MÓRICZ Zsigmond: Árvácska,Brasil,Czechoslovakia-cseh
PASSUTH László: Esőisten siratja Mexikót,Brasil,Czechoslovakia-cseh
MÓRICZ Zsigmond: Árvácska,Brasil,Czechoslovakia-szlovák
PASSUTH László: Esőisten siratja Mexikót,Brasil,Czechoslovakia-szlovák
HARSÁNYI Zsolt: Magyar rapszódia: Liszt életének regénye,Brasil,Federal Republic of Germany
HARSÁNYI Zsolt: Magyar rapszódia: Liszt életének regénye,Brasil,Finland
PASSUTH László: Esőisten siratja Mexikót,Brasil,France
HARSÁNYI Zsolt: Magyar rapszódia: Liszt életének regénye,Brasil,France
HARSÁNYI Zsolt: Magyar rapszódia: Liszt életének regénye,Brasil,Israel
KÖRMENDI Ferenc: Napfogyatkozás,Brasil,Italy
PASSUTH László: Esőisten siratja Mexikót,Brasil,Mexico
HARSÁNYI Zsolt: Magyar rapszódia: Liszt életének regénye,Brasil,Netherlands
HARSÁNYI Zsolt: Magyar rapszódia: Liszt életének regénye,Brasil,Norway
PASSUTH László: Esőisten siratja Mexikót,Brasil,Spain
HARSÁNYI Zsolt: Magyar rapszódia: Liszt életének regénye,Brasil,Sweden
MÓRICZ Zsigmond: Árvácska,Brasil,Switzerland
HARSÁNYI Zsolt: Magyar rapszódia: Liszt életének regénye,Brasil,Turkey
PASSUTH László: Esőisten siratja Mexikót,Brasil,UK
KÖRMENDI Ferenc: Napfogyatkozás,Brasil,USA
PASSUTH László: Esőisten siratja Mexikót,Brasil,USA
PASSUTH László: Esőisten siratja Mexikót,Brasil,Yugoslavia
HARSÁNYI Zsolt: Magyar rapszódia: Liszt életének regénye,Brasil,Yugoslavia
ILLÉS Béla: Fegyvert s vitézt éneklek,Bulgaria,Chile
KARINTHY Ferenc: Epepe,Bulgaria,Cuba
ILLÉS Béla: Szkipetárok,Bulgaria,Czechoslovakia-cseh
SZABÓ Pál: Isten malmai,Bulgaria,Czechoslovakia-cseh
MIKSZÁTH Kálmán: A Noszty fiú esete Tóth Marival,Bulgaria,Czechoslovakia-cseh
ILLÉS Béla: Fegyvert s vitézt éneklek,Bulgaria,Czechoslovakia-cseh
ZALKA Miklós: Aknamező,Bulgaria,Czechoslovakia-cseh
KOSZTOLÁNYI Dezső: Pacsirta,Bulgaria,Czechoslovakia-cseh
KARINTHY Ferenc: Epepe,Bulgaria,Czechoslovakia-cseh
"Bogáti Péter: Az utolsó ember; avagy, C. Robinson különös története",Bulgaria,Czechoslovakia-cseh
KERTÉSZ Ákos: Makra,Bulgaria,Czechoslovakia-cseh
NAGY Lajos: Pincenapló,Bulgaria,Czechoslovakia-cseh
BETLEN Oszkár: Élet a halál földjén,Bulgaria,Czechoslovakia-cseh
DARVAS József: Város az ingoványon,Bulgaria,Czechoslovakia-cseh
GODA Gábor: Farkasok között,Bulgaria,Czechoslovakia-szlovák
ILLÉS Béla: Szkipetárok,Bulgaria,Czechoslovakia-szlovák
RIDEG Sándor: Tűzpróba,Bulgaria,Czechoslovakia-szlovák
SZABÓ Pál: Isten malmai,Bulgaria,Czechoslovakia-szlovák
MIKSZÁTH Kálmán: A Noszty fiú esete Tóth Marival,Bulgaria,Czechoslovakia-szlovák
ILLÉS Béla: Fegyvert s vitézt éneklek,Bulgaria,Czechoslovakia-szlovák
SZÁVA István: A szirakuzai óriás,Bulgaria,Czechoslovakia-szlovák
KOSZTOLÁNYI Dezső: Pacsirta,Bulgaria,Czechoslovakia-szlovák
SÜTŐ András: Anyám könnyű álmot ígér,Bulgaria,Czechoslovakia-szlovák
BÓKAY János: Bohémek és pillangók: Puccini életregénye,Bulgaria,Czechoslovakia-szlovák
KERTÉSZ Ákos: Makra,Bulgaria,Czechoslovakia-szlovák
NAGY Lajos: Pincenapló,Bulgaria,Czechoslovakia-szlovák
BETLEN Oszkár: Élet a halál földjén,Bulgaria,Czechoslovakia-szlovák
DARVAS József: Város az ingoványon,Bulgaria,Czechoslovakia-szlovák
ZILAHY Lajos: Ararát,Bulgaria,Denmark
SZABÓ Magda: Az őz,Bulgaria,Denmark
VASZARY Gábor: Ő,Bulgaria,Federal Republic of Germany
BÓKAY János: Bohémek és pillangók: Puccini életregénye,Bulgaria,Federal Republic of Germany
ZSOLDOS Péter: A feladat,Bulgaria,Federal Republic of Germany
SZABÓ Magda: Az őz,Bulgaria,Federal Republic of Germany
KERTÉSZ Ákos: Makra,Bulgaria,Federal Republic of Germany
ZILAHY Lajos: A fegyverek visszanéznek,Bulgaria,Finland
ZILAHY Lajos: Ararát,Bulgaria,Finland
SÁNTA Ferenc: Isten a szekéren,Bulgaria,Finland
SZABÓ Magda: Az őz,Bulgaria,Finland
KARINTHY Ferenc: Epepe,Bulgaria,Finland
KERTÉSZ Ákos: Makra,Bulgaria,Finland
ZILAHY Lajos: A fegyverek visszanéznek,Bulgaria,France
ZILAHY Lajos: Ararát,Bulgaria,France
SZABÓ Magda: Az őz,Bulgaria,France
ÖRKÉNY István: Házastársak,Bulgaria,GDR
VERES Péter: Pályamunkások,Bulgaria,GDR
SZABÓ Pál: Isten malmai,Bulgaria,GDR
MIKSZÁTH Kálmán: A Noszty fiú esete Tóth Marival,Bulgaria,GDR
ILLÉS Béla: Fegyvert s vitézt éneklek,Bulgaria,GDR
KRÚDY Gyula: A vörös postakocsi,Bulgaria,GDR
"DOBOZY Imre: Kedd, szerda, csütörtök",Bulgaria,GDR
SÜTŐ András: Anyám könnyű álmot ígér,Bulgaria,GDR
SZABÓ Magda: Az őz,Bulgaria,GDR
KESZI Imre: A végtelen dallam: Wagner életregénye,Bulgaria,GDR
KERTÉSZ Ákos: Makra,Bulgaria,GDR
NAGY Lajos: Pincenapló,Bulgaria,GDR
BETLEN Oszkár: Élet a halál földjén,Bulgaria,GDR
DARVAS József: Város az ingoványon,Bulgaria,GDR
SZÁVA István: A szirakuzai óriás,Bulgaria,Hungary
KRÚDY Gyula: A vörös postakocsi,Bulgaria,Hungary
REJTŐ Jenő: A szőke ciklon,Bulgaria,Hungary
SÁNTA Ferenc: Isten a szekéren,Bulgaria,Hungary
KESZI Imre: A végtelen dallam: Wagner életregénye,Bulgaria,Hungary
SZABÓ Magda: Az őz,Bulgaria,Italy
KARINTHY Ferenc: Epepe,Bulgaria,Japan
KERTÉSZ Ákos: Makra,Bulgaria,Japan
ILLÉS Béla: Fegyvert s vitézt éneklek,Bulgaria,Netherlands
SZABÓ Magda: Az őz,Bulgaria,Netherlands
ZILAHY Lajos: Ararát,Bulgaria,Norway
KARINTHY Ferenc: Epepe,Bulgaria,Norway
ILLÉS Béla: Szkipetárok,Bulgaria,Poland
VERES Péter: Pályamunkások,Bulgaria,Poland
MIKSZÁTH Kálmán: A Noszty fiú esete Tóth Marival,Bulgaria,Poland
ILLÉS Béla: Fegyvert s vitézt éneklek,Bulgaria,Poland
SZÁVA István: A szirakuzai óriás,Bulgaria,Poland
KOSZTOLÁNYI Dezső: Pacsirta,Bulgaria,Poland
SÜTŐ András: Anyám könnyű álmot ígér,Bulgaria,Poland
BÓKAY János: Bohémek és pillangók: Puccini életregénye,Bulgaria,Poland
ZSOLDOS Péter: A feladat,Bulgaria,Poland
SZABÓ Magda: Az őz,Bulgaria,Poland
KESZI Imre: A végtelen dallam: Wagner életregénye,Bulgaria,Poland
KARINTHY Ferenc: Epepe,Bulgaria,Poland
KERTÉSZ Ákos: Makra,Bulgaria,Poland
NAGY Lajos: Pincenapló,Bulgaria,Poland
DARVAS József: Város az ingoványon,Bulgaria,Poland
ÖRKÉNY István: Házastársak,Bulgaria,Romania
SZEBERÉNYI Lehel: A hegyek elmozdulnak,Bulgaria,Romania
VERES Péter: Almáskert,Bulgaria,Romania
ILLÉS Béla: Fegyvert s vitézt éneklek,Bulgaria,Romania
SÜTŐ András: Anyám könnyű álmot ígér,Bulgaria,Romania
KERTÉSZ Ákos: Makra,Bulgaria,Romania
BETLEN Oszkár: Élet a halál földjén,Bulgaria,Romania
VASZARY Gábor: Ő,Bulgaria,Spain
ZILAHY Lajos: A fegyverek visszanéznek,Bulgaria,Spain
ZILAHY Lajos: Ararát,Bulgaria,Spain
SZABÓ Magda: Az őz,Bulgaria,Spain
KERTÉSZ Ákos: Makra,Bulgaria,Spain
ZILAHY Lajos: Ararát,Bulgaria,Sweden
SZABÓ Magda: Az őz,Bulgaria,Sweden
KARINTHY Ferenc: Epepe,Bulgaria,Sweden
KERTÉSZ Ákos: Makra,Bulgaria,Sweden
MIKSZÁTH Kálmán: A Noszty fiú esete Tóth Marival,Bulgaria,Switzerland
ILLÉS Béla: Szkipetárok,Bulgaria,UK
SZABÓ Magda: Az őz,Bulgaria,UK
ZILAHY Lajos: Ararát,Bulgaria,USA
SZABÓ Magda: Az őz,Bulgaria,USA
ZILAHY Lajos: A fegyverek visszanéznek,Bulgaria,Yugoslavia
ZILAHY Lajos: Ararát,Bulgaria,Yugoslavia
KOSZTOLÁNYI Dezső: Pacsirta,Bulgaria,Yugoslavia
BÓKAY János: Bohémek és pillangók: Puccini életregénye,Bulgaria,Yugoslavia
SZABÓ Magda: Az őz,Bulgaria,Yugoslavia
KERTÉSZ Ákos: Makra,Bulgaria,Yugoslavia
FALUDY György: Pokolbéli vig napjaim,Canada,Denmark
FALUDY György: Pokolbéli vig napjaim,Canada,Federal Republic of Germany
HÁY Gyula: Tiszazug,Canada,GDR
HÁY Gyula: Tiszazug,Canada,Poland
FALUDY György: Pokolbéli vig napjaim,Canada,UK
FALUDY György: Források:,Canada,USA
ILLÉS Béla: Fegyvert s vitézt éneklek,Chile,Czechoslovakia-cseh
ILLÉS Béla: Fegyvert s vitézt éneklek,Chile,Czechoslovakia-szlovák
ZILAHY Lajos: A lélek kialszik,Chile,France
ILLÉS Béla: Fegyvert s vitézt éneklek,Chile,GDR
ILLÉS Béla: Fegyvert s vitézt éneklek,Chile,Netherlands
ILLÉS Béla: Fegyvert s vitézt éneklek,Chile,Poland
ILLÉS Béla: Fegyvert s vitézt éneklek,Chile,Romania
ZILAHY Lajos: A lélek kialszik,Chile,Spain
ZILAHY Lajos: A lélek kialszik,Chile,Yugoslavia
FAZEKAS Mihály: Lúdas Matyi,China,Czechoslovakia-cseh
MÓRICZ Zsigmond: Árvácska,China,Czechoslovakia-cseh
MÓRICZ Virág−THURZÓ Gábor(-MÓRICZ Zsigmond): Rokonok,China,Czechoslovakia-cseh
FAZEKAS Mihály: Lúdas Matyi,China,Czechoslovakia-szlovák
MÓRICZ Zsigmond: Árvácska,China,Czechoslovakia-szlovák
JÓKAI Mór: Források:,China,Czechoslovakia-szlovák
Hajnal Anna: Előre,China,Czechoslovakia-szlovák
ARANY János: Toldi,China,Egypt
HÁY Gyula: Erő,China,GDR
JÓKAI Mór: Források:,China,GDR
HÁY Gyula: Erő,China,Italy
FAZEKAS Mihály: Lúdas Matyi,China,Romania
MARKOVITS Rodion: Szibériai garnizon,China,Romania
MÓRICZ Zsigmond: Árvácska,China,Switzerland
JÓKAI Mór: Források:,China,Switzerland
KARINTHY Ferenc: Epepe,Cuba,Czechoslovakia-cseh
KARINTHY Ferenc: Epepe,Cuba,Finland
KARINTHY Ferenc: Epepe,Cuba,Japan
KARINTHY Ferenc: Epepe,Cuba,Norway
KARINTHY Ferenc: Epepe,Cuba,Poland
KARINTHY Ferenc: Epepe,Cuba,Sweden
BOLDIZSÁR Iván: Fortocska,Czechoslovakia-cseh,Czechoslovakia-szlovák
DARVAS József: Város az ingoványon,Czechoslovakia-cseh,Czechoslovakia-szlovák
FAZEKAS Mihály: Lúdas Matyi,Czechoslovakia-cseh,Czechoslovakia-szlovák
ILLÉS Béla: Fegyvert s vitézt éneklek,Czechoslovakia-cseh,Czechoslovakia-szlovák
ILLÉS Béla: Szkipetárok,Czechoslovakia-cseh,Czechoslovakia-szlovák
ILLÉS Béla: Tűz Moszkva alatt,Czechoslovakia-cseh,Czechoslovakia-szlovák
SZABÓ Pál: Isten malmai,Czechoslovakia-cseh,Czechoslovakia-szlovák
MÓRICZ Zsigmond: Pillangó,Czechoslovakia-cseh,Czechoslovakia-szlovák
CSIKY Gergely: A proletárok,Czechoslovakia-cseh,Czechoslovakia-szlovák
JÓKAI Mór: Rab Ráby,Czechoslovakia-cseh,Czechoslovakia-szlovák
MÓRICZ Zsigmond: Árvácska,Czechoslovakia-cseh,Czechoslovakia-szlovák
BETLEN Oszkár: Élet a halál földjén,Czechoslovakia-cseh,Czechoslovakia-szlovák
KOSZTOLÁNYI Dezső: Pacsirta,Czechoslovakia-cseh,Czechoslovakia-szlovák
MIKSZÁTH Kálmán: A Noszty fiú esete Tóth Marival,Czechoslovakia-cseh,Czechoslovakia-szlovák
TERSÁNSZKY Józsi Jenő: Kakuk Marci,Czechoslovakia-cseh,Czechoslovakia-szlovák
TÓTH Árpád: Források:,Czechoslovakia-cseh,Czechoslovakia-szlovák
DOBOZY Imre: Szélvihar,Czechoslovakia-cseh,Czechoslovakia-szlovák
GERGELY Márta: A mi lányunk,Czechoslovakia-cseh,Czechoslovakia-szlovák
PASSUTH László: Esőisten siratja Mexikót,Czechoslovakia-cseh,Czechoslovakia-szlovák
DÉKÁNY András: Az elveszett sziget,Czechoslovakia-cseh,Czechoslovakia-szlovák
JÓKAI Mór: A lőcsei fehér asszony,Czechoslovakia-cseh,Czechoslovakia-szlovák
DÉRY Tibor: A kiközösítő,Czechoslovakia-cseh,Czechoslovakia-szlovák
ILLYÉS Gyula: Kháron ladikján,Czechoslovakia-cseh,Czechoslovakia-szlovák
MÁNDY Iván: Források:,Czechoslovakia-cseh,Czechoslovakia-szlovák
ANDRÁS László: Halál a Dunaparton,Czechoslovakia-cseh,Czechoslovakia-szlovák
JÓKAI Anna: 4447,Czechoslovakia-cseh,Czechoslovakia-szlovák
CSURKA István: Eredeti helyszin,Czechoslovakia-cseh,Czechoslovakia-szlovák
VADÁSZ Ferenc: Tenyérnyi ég,Czechoslovakia-cseh,Czechoslovakia-szlovák
KERTÉSZ Ákos: Makra,Czechoslovakia-cseh,Czechoslovakia-szlovák
HUBAY Miklós: Késdobálók,Czechoslovakia-cseh,Czechoslovakia-szlovák
SZERB Antal: A Pendragon legenda,Czechoslovakia-cseh,Czechoslovakia-szlovák
VÁMOS Miklós: Borgisz,Czechoslovakia-cseh,Czechoslovakia-szlovák
ASZTALOS István: Szél fúvatlan nem indul,Czechoslovakia-cseh,Czechoslovakia-szlovák
NAGY Lajos: Pincenapló,Czechoslovakia-cseh,Czechoslovakia-szlovák
SZAKONYI Károly: Adáshiba,Czechoslovakia-cseh,Czechoslovakia-szlovák
KERTÉSZ Ákos: Névnap,Czechoslovakia-cseh,Czechoslovakia-szlovák
DOBOZY Imre: Holnap folytatjuk,Czechoslovakia-cseh,Czechoslovakia-szlovák
DARVAS József: Vízkereszttől Szilveszterig,Czechoslovakia-cseh,Denmark
DÉRY Tibor: Niki,Czechoslovakia-cseh,Denmark
MÉSZÖLY Miklós: Az atléta halála,Czechoslovakia-cseh,Denmark
SZABÓ Magda: Disznótor,Czechoslovakia-cseh,Federal Republic of Germany
DÉRY Tibor: Niki,Czechoslovakia-cseh,Federal Republic of Germany
DÉRY Tibor: G. A. úr X-ben,Czechoslovakia-cseh,Federal Republic of Germany
MOLNÁR Ferenc: Olympia,Czechoslovakia-cseh,Federal Republic of Germany
MÉSZÖLY Miklós: Az atléta halála,Czechoslovakia-cseh,Federal Republic of Germany
DÉRY Tibor: A kiközösítő,Czechoslovakia-cseh,Federal Republic of Germany
MÁNDY Iván: Források:,Czechoslovakia-cseh,Federal Republic of Germany
DÉRY Tibor: A befejezetlen mondat,Czechoslovakia-cseh,Federal Republic of Germany
LENGYEL Péter: Ogg második bolygója,Czechoslovakia-cseh,Federal Republic of Germany
KERTÉSZ Ákos: Makra,Czechoslovakia-cseh,Federal Republic of Germany
SZABÓ Magda: Disznótor,Czechoslovakia-cseh,Finland
DÉRY Tibor: Niki,Czechoslovakia-cseh,Finland
ILLYÉS Gyula: Kháron ladikján,Czechoslovakia-cseh,Finland
KARINTHY Ferenc: Epepe,Czechoslovakia-cseh,Finland
KERTÉSZ Ákos: Makra,Czechoslovakia-cseh,Finland
MOLDOVA György: Sötét angyal,Czechoslovakia-cseh,Finland
SZAKONYI Károly: Adáshiba,Czechoslovakia-cseh,Finland
DÉRY Tibor: Képzelt riport egy amerikai pop-fesztiválról,Czechoslovakia-cseh,Finland
TERSÁNSZKY Józsi Jenő: Kakuk Marci,Czechoslovakia-cseh,France
DÉRY Tibor: Niki,Czechoslovakia-cseh,France
DÉRY Tibor: G. A. úr X-ben,Czechoslovakia-cseh,France
PASSUTH László: Esőisten siratja Mexikót,Czechoslovakia-cseh,France
SZABÓ Magda: Sziget-kék,Czechoslovakia-cseh,France
MÉSZÖLY Miklós: Az atléta halála,Czechoslovakia-cseh,France
DÉRY Tibor: A kiközösítő,Czechoslovakia-cseh,France
ILLYÉS Gyula: Kháron ladikján,Czechoslovakia-cseh,France
DÉRY Tibor: A befejezetlen mondat,Czechoslovakia-cseh,France
DARVAS József: Város az ingoványon,Czechoslovakia-cseh,GDR
ILLÉS Béla: Fegyvert s vitézt éneklek,Czechoslovakia-cseh,GDR
SZABÓ Pál: Isten malmai,Czechoslovakia-cseh,GDR
CSIKY Gergely: A proletárok,Czechoslovakia-cseh,GDR
DARVAS József: Vízkereszttől Szilveszterig,Czechoslovakia-cseh,GDR
JÓKAI Mór: Rab Ráby,Czechoslovakia-cseh,GDR
BETLEN Oszkár: Élet a halál földjén,Czechoslovakia-cseh,GDR
MIKSZÁTH Kálmán: A Noszty fiú esete Tóth Marival,Czechoslovakia-cseh,GDR
TERSÁNSZKY Józsi Jenő: Kakuk Marci,Czechoslovakia-cseh,GDR
SZÉKELY János (John Pen): Kísértés,Czechoslovakia-cseh,GDR
PALOTAI Boris: A madarak elhallgattak,Czechoslovakia-cseh,GDR
JÓKAI Mór: A lőcsei fehér asszony,Czechoslovakia-cseh,GDR
CSERNAI Zoltán: Titok a világ tetején,Czechoslovakia-cseh,GDR
DÉRY Tibor: A kiközösítő,Czechoslovakia-cseh,GDR
ILLYÉS Gyula: Kháron ladikján,Czechoslovakia-cseh,GDR
MÁNDY Iván: Források:,Czechoslovakia-cseh,GDR
ANDRÁS László: Halál a Dunaparton,Czechoslovakia-cseh,GDR
SIPKAY Barna: Nyakamban az élet,Czechoslovakia-cseh,GDR
MÓRICZ Zsigmond: Tündérkert,Czechoslovakia-cseh,GDR
KOLOZSVÁRI GRANDPIERRE Emil: Nők apróban,Czechoslovakia-cseh,GDR
SZAKONYI Károly: A hatodik napon,Czechoslovakia-cseh,GDR
SZAMOS Rudolf: Kántor a nagyvárosban,Czechoslovakia-cseh,GDR
DÉRY Tibor: A befejezetlen mondat,Czechoslovakia-cseh,GDR
Tóth Judith: Kifutópálya,Czechoslovakia-cseh,GDR
KERTÉSZ Ákos: Makra,Czechoslovakia-cseh,GDR
MÓRICZ Zsigmond: A nagy fejedelem,Czechoslovakia-cseh,GDR
MOLDOVA György: Források:,Czechoslovakia-cseh,GDR
HEVESI Lajos: Jelky András kalandjai,Czechoslovakia-cseh,GDR
MÓRICZ Zsigmond: A nap árnyéka,Czechoslovakia-cseh,GDR
SPIRÓ György: Az imposztor,Czechoslovakia-cseh,GDR
ASZTALOS István: Szél fúvatlan nem indul,Czechoslovakia-cseh,GDR
NAGY Lajos: Pincenapló,Czechoslovakia-cseh,GDR
DÉRY Tibor: Képzelt riport egy amerikai pop-fesztiválról,Czechoslovakia-cseh,GDR
DOBOZY Imre: Holnap folytatjuk,Czechoslovakia-cseh,GDR
"TERSÁNSZKY Józsi Jenő: Viszontlátásra, drága",Czechoslovakia-cseh,GDR
SZAKONYI Károly: Adáshiba,Czechoslovakia-cseh,Greece
KATONA József: Bánk bán,Czechoslovakia-cseh,Hungary
MIKSZÁTH Kálmán: A két koldusdiák,Czechoslovakia-cseh,Hungary
TERSÁNSZKY Józsi Jenő: Kakuk Marci,Czechoslovakia-cseh,Hungary
TÓTH Árpád: Források:,Czechoslovakia-cseh,Hungary
GERGELY Márta: A mi lányunk,Czechoslovakia-cseh,Hungary
SZABÓ Magda: Sziget-kék,Czechoslovakia-cseh,Hungary
DÉKÁNY András: Az elveszett sziget,Czechoslovakia-cseh,Hungary
MÁNDY Iván: Források:,Czechoslovakia-cseh,Hungary
SZABÓ Lőrinc: A huszonhatodik év,Czechoslovakia-cseh,Hungary
MÓRICZ Zsigmond: Tündérkert,Czechoslovakia-cseh,Hungary
CSURKA István: Eredeti helyszin,Czechoslovakia-cseh,Hungary
HEVESI Lajos: Jelky András kalandjai,Czechoslovakia-cseh,Hungary
DÉKÁNY András: Robinson utolsó kalandja,Czechoslovakia-cseh,Hungary
SZERB Antal: A Pendragon legenda,Czechoslovakia-cseh,Hungary
MÓRICZ Zsigmond: A nap árnyéka,Czechoslovakia-cseh,Hungary
MOLDOVA György: Sötét angyal,Czechoslovakia-cseh,Hungary
"TERSÁNSZKY Józsi Jenő: Viszontlátásra, drága",Czechoslovakia-cseh,Hungary
CSIKY Gergely: A proletárok,Czechoslovakia-cseh,Iran
DÉRY Tibor: Niki,Czechoslovakia-cseh,Italy
DÉRY Tibor: G. A. úr X-ben,Czechoslovakia-cseh,Italy
DÉRY Tibor: A kiközösítő,Czechoslovakia-cseh,Italy
DÉRY Tibor: A félfülű,Czechoslovakia-cseh,Italy
DÉRY Tibor: Képzelt riport egy amerikai pop-fesztiválról,Czechoslovakia-cseh,Italy
KARINTHY Ferenc: Epepe,Czechoslovakia-cseh,Japan
LENGYEL Péter: Ogg második bolygója,Czechoslovakia-cseh,Japan
KERTÉSZ Ákos: Makra,Czechoslovakia-cseh,Japan
PASSUTH László: Esőisten siratja Mexikót,Czechoslovakia-cseh,Mexico
ILLÉS Béla: Fegyvert s vitézt éneklek,Czechoslovakia-cseh,Netherlands
KÖRMENDI Ferenc: Juniusi hétköznap,Czechoslovakia-cseh,Netherlands
HEVESI Lajos: Jelky András kalandjai,Czechoslovakia-cseh,Netherlands
DÉRY Tibor: Niki,Czechoslovakia-cseh,Norway
KARINTHY Ferenc: Epepe,Czechoslovakia-cseh,Norway
Tóth Judith: Kifutópálya,Czechoslovakia-cseh,Norway
BALÁZS Anna: Mire megjönnek a fecskék,Czechoslovakia-cseh,Poland
BALÁZS Anna: Névtelen hősök,Czechoslovakia-cseh,Poland
DARVAS József: Fekete kenyér,Czechoslovakia-cseh,Poland
DARVAS József: Város az ingoványon,Czechoslovakia-cseh,Poland
EGRY Irén: A gyár felébred,Czechoslovakia-cseh,Poland
GERGELY Sándor: Vitézek és hősök,Czechoslovakia-cseh,Poland
ILLÉS Béla: A vígszínházi csata,Czechoslovakia-cseh,Poland
ILLÉS Béla: Fegyvert s vitézt éneklek,Czechoslovakia-cseh,Poland
ILLÉS Béla: Szkipetárok,Czechoslovakia-cseh,Poland
SZABÓ Magda: Disznótor,Czechoslovakia-cseh,Poland
MÓRICZ Zsigmond: Betyár,Czechoslovakia-cseh,Poland
KOSZTOLÁNYI Dezső: Pacsirta,Czechoslovakia-cseh,Poland
MIKSZÁTH Kálmán: A két koldusdiák,Czechoslovakia-cseh,Poland
MIKSZÁTH Kálmán: A Noszty fiú esete Tóth Marival,Czechoslovakia-cseh,Poland
DÉRY Tibor: Niki,Czechoslovakia-cseh,Poland
DÉRY Tibor: G. A. úr X-ben,Czechoslovakia-cseh,Poland
MÉSZÖLY Miklós: Az atléta halála,Czechoslovakia-cseh,Poland
DÉRY Tibor: A kiközösítő,Czechoslovakia-cseh,Poland
ILLYÉS Gyula: Kháron ladikján,Czechoslovakia-cseh,Poland
KAFFKA Margit: Hangyaboly,Czechoslovakia-cseh,Poland
JÓKAI Anna: 4447,Czechoslovakia-cseh,Poland
KOLOZSVÁRI GRANDPIERRE Emil: Nők apróban,Czechoslovakia-cseh,Poland
GALGÓCZI Erzsébet: A közös bűn,Czechoslovakia-cseh,Poland
KARINTHY Ferenc: Epepe,Czechoslovakia-cseh,Poland
LENGYEL Péter: Ogg második bolygója,Czechoslovakia-cseh,Poland
SZÁNTÓ György: Stradivari,Czechoslovakia-cseh,Poland
JÓKAI Anna: Napok,Czechoslovakia-cseh,Poland
KERTÉSZ Ákos: Makra,Czechoslovakia-cseh,Poland
RÓNAY György: Esti gyors,Czechoslovakia-cseh,Poland
DÉRY Tibor: A félfülű,Czechoslovakia-cseh,Poland
MOLDOVA György: Források:,Czechoslovakia-cseh,Poland
HEVESI Lajos: Jelky András kalandjai,Czechoslovakia-cseh,Poland
SZERB Antal: A Pendragon legenda,Czechoslovakia-cseh,Poland
Szentmihályi Szabó Péter: Gellért,Czechoslovakia-cseh,Poland
VÁMOS Miklós: Borgisz,Czechoslovakia-cseh,Poland
"FEJES Endre: Jó estét nyár, jó estét szerelem",Czechoslovakia-cseh,Poland
ASZTALOS István: Szél fúvatlan nem indul,Czechoslovakia-cseh,Poland
MOLDOVA György: Sötét angyal,Czechoslovakia-cseh,Poland
NAGY Lajos: Pincenapló,Czechoslovakia-cseh,Poland
DÉRY Tibor: Képzelt riport egy amerikai pop-fesztiválról,Czechoslovakia-cseh,Poland
FAZEKAS Mihály: Lúdas Matyi,Czechoslovakia-cseh,Romania
GERGELY Sándor: Vitézek és hősök,Czechoslovakia-cseh,Romania
ILLÉS Béla: Fegyvert s vitézt éneklek,Czechoslovakia-cseh,Romania
JÓZSEF Jolán: A város peremén,Czechoslovakia-cseh,Romania
KOVÁCS György: Foggal és körömmel,Czechoslovakia-cseh,Romania
KATONA József: Bánk bán,Czechoslovakia-cseh,Romania
BETLEN Oszkár: Élet a halál földjén,Czechoslovakia-cseh,Romania
MIKSZÁTH Kálmán: Két választás Magyarországon − A gavallérok,Czechoslovakia-cseh,Romania
MÓRICZ Zsigmond: Rózsa Sándor a lovát ugratja,Czechoslovakia-cseh,Romania
ÁPRILY Lajos: Források:,Czechoslovakia-cseh,Romania
DÉRY Tibor: A kiközösítő,Czechoslovakia-cseh,Romania
KOSZTOLÁNYI Dezső: Aranysárkány,Czechoslovakia-cseh,Romania
SZABÓ Lőrinc: A huszonhatodik év,Czechoslovakia-cseh,Romania
SZÁNTÓ György: Stradivari,Czechoslovakia-cseh,Romania
KERTÉSZ Ákos: Makra,Czechoslovakia-cseh,Romania
DÉKÁNY András: Robinson utolsó kalandja,Czechoslovakia-cseh,Romania
ASZTALOS István: Szél fúvatlan nem indul,Czechoslovakia-cseh,Romania
MOLDOVA György: Sötét angyal,Czechoslovakia-cseh,Romania
DÉRY Tibor: G. A. úr X-ben,Czechoslovakia-cseh,Spain
PASSUTH László: Esőisten siratja Mexikót,Czechoslovakia-cseh,Spain
KERTÉSZ Ákos: Makra,Czechoslovakia-cseh,Spain
DÉRY Tibor: Niki,Czechoslovakia-cseh,Sweden
DÉRY Tibor: A kiközösítő,Czechoslovakia-cseh,Sweden
ILLYÉS Gyula: Kháron ladikján,Czechoslovakia-cseh,Sweden
KARINTHY Ferenc: Epepe,Czechoslovakia-cseh,Sweden
Tóth Judith: Kifutópálya,Czechoslovakia-cseh,Sweden
KERTÉSZ Ákos: Makra,Czechoslovakia-cseh,Sweden
SZABÓ Magda: A szemlélők,Czechoslovakia-cseh,Sweden
MÓRICZ Zsigmond: Árvácska,Czechoslovakia-cseh,Switzerland
MIKSZÁTH Kálmán: A Noszty fiú esete Tóth Marival,Czechoslovakia-cseh,Switzerland
KATONA József: Bánk bán,Czechoslovakia-cseh,Turkey
DÉRY Tibor: Niki,Czechoslovakia-cseh,Turkey
ILLÉS Béla: Szkipetárok,Czechoslovakia-cseh,UK
SZABÓ Magda: Disznótor,Czechoslovakia-cseh,UK
DÉRY Tibor: Niki,Czechoslovakia-cseh,UK
PASSUTH László: Esőisten siratja Mexikót,Czechoslovakia-cseh,UK
SZÉKELY János (John Pen): Kísértés,Czechoslovakia-cseh,USA
DÉRY Tibor: Niki,Czechoslovakia-cseh,USA
PASSUTH László: Esőisten siratja Mexikót,Czechoslovakia-cseh,USA
KOSZTOLÁNYI Dezső: Pacsirta,Czechoslovakia-cseh,Yugoslavia
MÓRICZ Zsigmond: Rózsa Sándor a lovát ugratja,Czechoslovakia-cseh,Yugoslavia
DÉRY Tibor: Niki,Czechoslovakia-cseh,Yugoslavia
DÉRY Tibor: G. A. úr X-ben,Czechoslovakia-cseh,Yugoslavia
PASSUTH László: Esőisten siratja Mexikót,Czechoslovakia-cseh,Yugoslavia
SZABÓ Magda: Sziget-kék,Czechoslovakia-cseh,Yugoslavia
KAFFKA Margit: Hangyaboly,Czechoslovakia-cseh,Yugoslavia
KOLOZSVÁRI GRANDPIERRE Emil: Nők apróban,Czechoslovakia-cseh,Yugoslavia
DÉRY Tibor: A befejezetlen mondat,Czechoslovakia-cseh,Yugoslavia
KERTÉSZ Ákos: Makra,Czechoslovakia-cseh,Yugoslavia
SZERB Antal: A Pendragon legenda,Czechoslovakia-cseh,Yugoslavia
DOBAI Péter: A birodalom ezredese,Czechoslovakia-cseh,Yugoslavia
MOLDOVA György: Sötét angyal,Czechoslovakia-cseh,Yugoslavia
BALÁZS Béla: Álmodó ifjúság,Czechoslovakia-szlovák,Federal Republic of Germany
HEGEDŰS Géza: A milétoszi hajós,Czechoslovakia-szlovák,Federal Republic of Germany
KESZI Imre: Elysium,Czechoslovakia-szlovák,Federal Republic of Germany
"REJTŐ Jenő: Piszkos Fred, a kapitány",Czechoslovakia-szlovák,Federal Republic of Germany
DÉRY Tibor: A kiközösítő,Czechoslovakia-szlovák,Federal Republic of Germany
BENEDEK István: Aranyketrec,Czechoslovakia-szlovák,Federal Republic of Germany
KERTÉSZ Ákos: Makra,Czechoslovakia-szlovák,Federal Republic of Germany
FEKETE István: Bogáncs,Czechoslovakia-szlovák,Federal Republic of Germany
Márton Klára: Tessék engem elrabolni,Czechoslovakia-szlovák,Federal Republic of Germany
LAKATOS Menyhért: Füstös képek,Czechoslovakia-szlovák,Federal Republic of Germany
CSÁTH Géza: Források:,Czechoslovakia-szlovák,Federal Republic of Germany
ZSOLDOS Péter: Távoli tüz,Czechoslovakia-szlovák,Federal Republic of Germany
ZSOLDOS Péter: A Viking visszatér,Czechoslovakia-szlovák,Federal Republic of Germany
MÁNDY Iván: Források:,Czechoslovakia-szlovák,Federal Republic of Germany
BÓKAY János: Bohémek és pillangók: Puccini életregénye,Czechoslovakia-szlovák,Federal Republic of Germany
ILLYÉS Gyula: Kháron ladikján,Czechoslovakia-szlovák,Finland
KERTÉSZ Ákos: Makra,Czechoslovakia-szlovák,Finland
LAKATOS Menyhért: Füstös képek,Czechoslovakia-szlovák,Finland
SZAKONYI Károly: Adáshiba,Czechoslovakia-szlovák,Finland
FÖLDES Jolán: A halászó macska uccája,Czechoslovakia-szlovák,France
KESZI Imre: Elysium,Czechoslovakia-szlovák,France
REJTŐ Jenő: Vesztegzár a Grand Hotelben,Czechoslovakia-szlovák,France
PASSUTH László: Esőisten siratja Mexikót,Czechoslovakia-szlovák,France
DÉRY Tibor: A kiközösítő,Czechoslovakia-szlovák,France
ILLYÉS Gyula: Kháron ladikján,Czechoslovakia-szlovák,France
LAKATOS Menyhért: Füstös képek,Czechoslovakia-szlovák,France
TERSÁNSZKY Józsi Jenő: Kakuk Marci,Czechoslovakia-szlovák,France
HELTAI Jenő: Álmokháza,Czechoslovakia-szlovák,GDR
ILLÉS Béla: Fegyvert s vitézt éneklek,Czechoslovakia-szlovák,GDR
JÓKAI Mór: Rab Ráby,Czechoslovakia-szlovák,GDR
MIKSZÁTH Kálmán: A Noszty fiú esete Tóth Marival,Czechoslovakia-szlovák,GDR
PALOTAI Boris: Puskásné,Czechoslovakia-szlovák,GDR
SÁNDOR Kálmán: Szégyenfa − Fehér augusztus,Czechoslovakia-szlovák,GDR
SZABÓ Pál: Isten malmai,Czechoslovakia-szlovák,GDR
VERES Péter: Három nemzedék − Szolgaság,Czechoslovakia-szlovák,GDR
ASZTALOS István: Szél fúvatlan nem indul,Czechoslovakia-szlovák,GDR
CSIKY Gergely: A proletárok,Czechoslovakia-szlovák,GDR
JÓKAI Mór: Janicsárok végnapjai,Czechoslovakia-szlovák,GDR
JÓKAI Mór: A lőcsei fehér asszony,Czechoslovakia-szlovák,GDR
HEGEDŰS Géza: A milétoszi hajós,Czechoslovakia-szlovák,GDR
JÓKAI Mór: Források:,Czechoslovakia-szlovák,GDR
JÓKAI Mór: Kárpáthy Zoltán,Czechoslovakia-szlovák,GDR
DÉRY Tibor: A kiközösítő,Czechoslovakia-szlovák,GDR
FEKETE Gyula: Szerelmesek bolygója,Czechoslovakia-szlovák,GDR
ILLYÉS Gyula: Kháron ladikján,Czechoslovakia-szlovák,GDR
DARVAS József: Város az ingoványon,Czechoslovakia-szlovák,GDR
NAGY Lajos: Pincenapló,Czechoslovakia-szlovák,GDR
KERTÉSZ Ákos: Makra,Czechoslovakia-szlovák,GDR
CSURKA István: Források:,Czechoslovakia-szlovák,GDR
FÜST Milán: Források:,Czechoslovakia-szlovák,GDR
Márton Klára: Tessék engem elrabolni,Czechoslovakia-szlovák,GDR
PASSUTH László: Madrigál: Carlo Gesualdo életregénye,Czechoslovakia-szlovák,GDR
THURY Zsuzsa: A tűzpiros üveggömb,Czechoslovakia-szlovák,GDR
SZILÁGYI István: Kő hull apadó kútba,Czechoslovakia-szlovák,GDR
Asperján György: Rohanj velem,Czechoslovakia-szlovák,GDR
LAKATOS Menyhért: Füstös képek,Czechoslovakia-szlovák,GDR
SCHWAJDA György: A szent család,Czechoslovakia-szlovák,GDR
MÁNDY Iván: Források:,Czechoslovakia-szlovák,GDR
TERSÁNSZKY Józsi Jenő: Kakuk Marci,Czechoslovakia-szlovák,GDR
BETLEN Oszkár: Élet a halál földjén,Czechoslovakia-szlovák,GDR
SÜTŐ András: Anyám könnyű álmot ígér,Czechoslovakia-szlovák,GDR
ANDRÁS László: Halál a Dunaparton,Czechoslovakia-szlovák,GDR
DOBOZY Imre: Holnap folytatjuk,Czechoslovakia-szlovák,GDR
SZAKONYI Károly: Adáshiba,Czechoslovakia-szlovák,Greece
MIKSZÁTH Kálmán: A beszélő köntös,Czechoslovakia-szlovák,Hungary
JÓKAI Mór: Szegény gazdagok,Czechoslovakia-szlovák,Hungary
GERGELY Márta: A mi lányunk,Czechoslovakia-szlovák,Hungary
HEGEDŰS Géza: A milétoszi hajós,Czechoslovakia-szlovák,Hungary
FEHÉR Klára: A földrengések szigete,Czechoslovakia-szlovák,Hungary
SZÁVA István: A szirakuzai óriás,Czechoslovakia-szlovák,Hungary
REJTŐ Jenő: Vesztegzár a Grand Hotelben,Czechoslovakia-szlovák,Hungary
DÉKÁNY András: Az elveszett sziget,Czechoslovakia-szlovák,Hungary
BENEDEK István: Aranyketrec,Czechoslovakia-szlovák,Hungary
PALOTAI Boris: Zöld dió,Czechoslovakia-szlovák,Hungary
SZERB Antal: A Pendragon legenda,Czechoslovakia-szlovák,Hungary
FEKETE István: Bogáncs,Czechoslovakia-szlovák,Hungary
FÜST Milán: Források:,Czechoslovakia-szlovák,Hungary
DÉKÁNY András: S.O.S. Titanic!,Czechoslovakia-szlovák,Hungary
CSÁTH Géza: Források:,Czechoslovakia-szlovák,Hungary
TÓTH Árpád: Források:,Czechoslovakia-szlovák,Hungary
MÁNDY Iván: Források:,Czechoslovakia-szlovák,Hungary
TERSÁNSZKY Józsi Jenő: Kakuk Marci,Czechoslovakia-szlovák,Hungary
CSURKA István: Eredeti helyszin,Czechoslovakia-szlovák,Hungary
REJTŐ Jenő: A tizennégykarátos autó,Czechoslovakia-szlovák,Hungary
CSIKY Gergely: A proletárok,Czechoslovakia-szlovák,Iran
DÉRY Tibor: A kiközösítő,Czechoslovakia-szlovák,Italy
BRÓDY Sándor: A tanítónő,Czechoslovakia-szlovák,Italy
KESZI Imre: Elysium,Czechoslovakia-szlovák,Japan
KERTÉSZ Ákos: Makra,Czechoslovakia-szlovák,Japan
PASSUTH László: Esőisten siratja Mexikót,Czechoslovakia-szlovák,Mexico
FÖLDES Jolán: A halászó macska uccája,Czechoslovakia-szlovák,Netherlands
ILLÉS Béla: Fegyvert s vitézt éneklek,Czechoslovakia-szlovák,Netherlands
ILLYÉS Gyula: Ebéd a kastélyban,Czechoslovakia-szlovák,Netherlands
FÖLDES Jolán: A halászó macska uccája,Czechoslovakia-szlovák,Poland
GERGELY Sándor: Farkasok*,Czechoslovakia-szlovák,Poland
HELTAI Jenő: Álmokháza,Czechoslovakia-szlovák,Poland
ILLÉS Béla: Fegyvert s vitézt éneklek,Czechoslovakia-szlovák,Poland
ILLÉS Béla: Szkipetárok,Czechoslovakia-szlovák,Poland
MIKSZÁTH Kálmán: A Noszty fiú esete Tóth Marival,Czechoslovakia-szlovák,Poland
VERES Péter: Három nemzedék − Szolgaság,Czechoslovakia-szlovák,Poland
ASZTALOS István: Szél fúvatlan nem indul,Czechoslovakia-szlovák,Poland
JÓKAI Mór: Szegény gazdagok,Czechoslovakia-szlovák,Poland
HEGEDŰS Géza: A milétoszi hajós,Czechoslovakia-szlovák,Poland
SZÁVA István: A szirakuzai óriás,Czechoslovakia-szlovák,Poland
DÉRY Tibor: A kiközösítő,Czechoslovakia-szlovák,Poland
KOSZTOLÁNYI Dezső: Pacsirta,Czechoslovakia-szlovák,Poland
HUNYADY József: Hét tenger vándora,Czechoslovakia-szlovák,Poland
ILLYÉS Gyula: Ebéd a kastélyban,Czechoslovakia-szlovák,Poland
PALOTAI Boris: Zöld dió,Czechoslovakia-szlovák,Poland
SZERB Antal: A Pendragon legenda,Czechoslovakia-szlovák,Poland
ILLYÉS Gyula: Kháron ladikján,Czechoslovakia-szlovák,Poland
DARVAS József: Város az ingoványon,Czechoslovakia-szlovák,Poland
NAGY Lajos: Pincenapló,Czechoslovakia-szlovák,Poland
JÓKAI Anna: 4447,Czechoslovakia-szlovák,Poland
KERTÉSZ Ákos: Makra,Czechoslovakia-szlovák,Poland
SIMONFFY András: Idegen városban,Czechoslovakia-szlovák,Poland
VÁMOS Miklós: Borgisz,Czechoslovakia-szlovák,Poland
GÁLL István: A ménesgazda,Czechoslovakia-szlovák,Poland
Márton Klára: Tessék engem elrabolni,Czechoslovakia-szlovák,Poland
PASSUTH László: Madrigál: Carlo Gesualdo életregénye,Czechoslovakia-szlovák,Poland
LAKATOS Menyhért: Füstös képek,Czechoslovakia-szlovák,Poland
JÓKAI Anna: Jákob lajtorjája,Czechoslovakia-szlovák,Poland
BÓKAY János: Bohémek és pillangók: Puccini életregénye,Czechoslovakia-szlovák,Poland
SÜTŐ András: Anyám könnyű álmot ígér,Czechoslovakia-szlovák,Poland
FÖLDES Jolán: A halászó macska uccája,Czechoslovakia-szlovák,Portugal
FAZEKAS Mihály: Lúdas Matyi,Czechoslovakia-szlovák,Romania
GERGELY Sándor: Farkasok*,Czechoslovakia-szlovák,Romania
ILLÉS Béla: Fegyvert s vitézt éneklek,Czechoslovakia-szlovák,Romania
ASZTALOS István: Szél fúvatlan nem indul,Czechoslovakia-szlovák,Romania
MÓRICZ Zsigmond: Rózsa Sándor a lovát ugratja − Rózsa Sándor összevonja a szemöldökét,Czechoslovakia-szlovák,Romania
FEHÉR Klára: A földrengések szigete,Czechoslovakia-szlovák,Romania
DÉRY Tibor: A kiközösítő,Czechoslovakia-szlovák,Romania
JÓKAI Mór: A kis királyok,Czechoslovakia-szlovák,Romania
KERTÉSZ Ákos: Makra,Czechoslovakia-szlovák,Romania
PASSUTH László: Madrigál: Carlo Gesualdo életregénye,Czechoslovakia-szlovák,Romania
SZILÁGYI István: Kő hull apadó kútba,Czechoslovakia-szlovák,Romania
BRÓDY Sándor: A tanítónő,Czechoslovakia-szlovák,Romania
BETLEN Oszkár: Élet a halál földjén,Czechoslovakia-szlovák,Romania
SÜTŐ András: Anyám könnyű álmot ígér,Czechoslovakia-szlovák,Romania
PASSUTH László: Esőisten siratja Mexikót,Czechoslovakia-szlovák,Spain
KERTÉSZ Ákos: Makra,Czechoslovakia-szlovák,Spain
PASSUTH László: Nápolyi Johanna,Czechoslovakia-szlovák,Spain
PASSUTH László: Madrigál: Carlo Gesualdo életregénye,Czechoslovakia-szlovák,Spain
DÉRY Tibor: A kiközösítő,Czechoslovakia-szlovák,Sweden
ILLYÉS Gyula: Kháron ladikján,Czechoslovakia-szlovák,Sweden
KERTÉSZ Ákos: Makra,Czechoslovakia-szlovák,Sweden
BALÁZS Béla: Álmodó ifjúság,Czechoslovakia-szlovák,Switzerland
MIKSZÁTH Kálmán: A Noszty fiú esete Tóth Marival,Czechoslovakia-szlovák,Switzerland
MÓRICZ Zsigmond: Árvácska,Czechoslovakia-szlovák,Switzerland
JÓKAI Mór: Források:,Czechoslovakia-szlovák,Switzerland
JÓKAI Mór: Az új földesúr,Czechoslovakia-szlovák,Switzerland
SZABÓ Dezső: Az elsodort falu,Czechoslovakia-szlovák,Turkey
JÓKAI Mór: Az új földesúr,Czechoslovakia-szlovák,Turkey
ILLÉS Béla: Szkipetárok,Czechoslovakia-szlovák,UK
PASSUTH László: Esőisten siratja Mexikót,Czechoslovakia-szlovák,UK
CSÁTH Géza: Források:,Czechoslovakia-szlovák,UK
PASSUTH László: Esőisten siratja Mexikót,Czechoslovakia-szlovák,USA
CSÁTH Géza: Források:,Czechoslovakia-szlovák,USA
JÓKAI Mór: Szegény gazdagok,Czechoslovakia-szlovák,Yugoslavia
PASSUTH László: Esőisten siratja Mexikót,Czechoslovakia-szlovák,Yugoslavia
JÓKAI Mór: Kárpáthy Zoltán,Czechoslovakia-szlovák,Yugoslavia
KOSZTOLÁNYI Dezső: Pacsirta,Czechoslovakia-szlovák,Yugoslavia
PASSUTH László: Ravennában temették Rómát,Czechoslovakia-szlovák,Yugoslavia
JÓKAI Mór: Az új földesúr,Czechoslovakia-szlovák,Yugoslavia
ILLYÉS Gyula: Ebéd a kastélyban,Czechoslovakia-szlovák,Yugoslavia
SZERB Antal: A Pendragon legenda,Czechoslovakia-szlovák,Yugoslavia
GÁL György Sándor−SOMOGYI Vilmos: Mesél a bécsi erdő,Czechoslovakia-szlovák,Yugoslavia
KERTÉSZ Ákos: Makra,Czechoslovakia-szlovák,Yugoslavia
CSÁTH Géza: Források:,Czechoslovakia-szlovák,Yugoslavia
JÓKAI Anna: Jákob lajtorjája,Czechoslovakia-szlovák,Yugoslavia
BÓKAY János: Bohémek és pillangók: Puccini életregénye,Czechoslovakia-szlovák,Yugoslavia
MÁRAI Sándor: Az igazi,Denmark,Federal Republic of Germany
VASZARY Gábor: Alszik az Isten,Denmark,Federal Republic of Germany
DÉRY Tibor: Niki,Denmark,Federal Republic of Germany
SZABÓ Magda: Az őz,Denmark,Federal Republic of Germany
MÉSZÖLY Miklós: Az atléta halála,Denmark,Federal Republic of Germany
KONRÁD György: A látogató,Denmark,Federal Republic of Germany
GALGÓCZI Erzsébet: Törvényen belül,Denmark,Federal Republic of Germany
ESTERHÁZY Péter: A szív segédigéi,Denmark,Federal Republic of Germany
NÁDAS Péter: Egy családregény vége,Denmark,Federal Republic of Germany
FALUDY György: Pokolbéli vig napjaim,Denmark,Federal Republic of Germany
MÁRAI Sándor: Az igazi,Denmark,Finland
ZILAHY Lajos: Ararát,Denmark,Finland
DÉRY Tibor: Niki,Denmark,Finland
SZABÓ Magda: Az őz,Denmark,Finland
KONRÁD György: A látogató,Denmark,Finland
ZILAHY Lajos: Ararát,Denmark,France
DÉRY Tibor: Niki,Denmark,France
SZABÓ Magda: Az őz,Denmark,France
MÉSZÖLY Miklós: Az atléta halála,Denmark,France
KONRÁD György: A látogató,Denmark,France
DARVAS József: Vízkereszttől Szilveszterig,Denmark,GDR
SZABÓ Magda: Az őz,Denmark,GDR
DÉRY Tibor: Niki,Denmark,Italy
SZABÓ Magda: Az őz,Denmark,Italy
KONRÁD György: A látogató,Denmark,Italy
ESTERHÁZY Péter: A szív segédigéi,Denmark,Italy
KONRÁD György: A látogató,Denmark,Japan
VASZARY Gábor: Alszik az Isten,Denmark,Netherlands
SZABÓ Magda: Az őz,Denmark,Netherlands
KONRÁD György: A látogató,Denmark,Netherlands
GALGÓCZI Erzsébet: Törvényen belül,Denmark,Netherlands
NÁDAS Péter: Egy családregény vége,Denmark,Netherlands
ZILAHY Lajos: Ararát,Denmark,Norway
DÉRY Tibor: Niki,Denmark,Norway
KONRÁD György: A látogató,Denmark,Norway
VÁMOS Miklós: Zenga Zének,Denmark,Norway
NÁDAS Péter: Egy családregény vége,Denmark,Norway
DÉRY Tibor: Niki,Denmark,Poland
SZABÓ Magda: Az őz,Denmark,Poland
MÉSZÖLY Miklós: Az atléta halála,Denmark,Poland
NÁDAS Péter: Egy családregény vége,Denmark,Poland
MÁRAI Sándor: Az igazi,Denmark,Spain
ZILAHY Lajos: Ararát,Denmark,Spain
SZABÓ Magda: Az őz,Denmark,Spain
ZILAHY Lajos: Ararát,Denmark,Sweden
DÉRY Tibor: Niki,Denmark,Sweden
SZABÓ Magda: Az őz,Denmark,Sweden
KONRÁD György: A látogató,Denmark,Sweden
GALGÓCZI Erzsébet: Törvényen belül,Denmark,Sweden
VÁMOS Miklós: Zenga Zének,Denmark,Sweden
ESTERHÁZY Péter: A szív segédigéi,Denmark,Sweden
NÁDAS Péter: Egy családregény vége,Denmark,Sweden
DÉRY Tibor: Niki,Denmark,Turkey
DÉRY Tibor: Niki,Denmark,UK
SZABÓ Magda: Az őz,Denmark,UK
KONRÁD György: A látogató,Denmark,UK
FALUDY György: Pokolbéli vig napjaim,Denmark,UK
ZILAHY Lajos: Ararát,Denmark,USA
DÉRY Tibor: Niki,Denmark,USA
SZABÓ Magda: Az őz,Denmark,USA
KONRÁD György: A látogató,Denmark,USA
ZILAHY Lajos: Ararát,Denmark,Yugoslavia
DÉRY Tibor: Niki,Denmark,Yugoslavia
SZABÓ Magda: Az őz,Denmark,Yugoslavia
GALGÓCZI Erzsébet: Törvényen belül,Denmark,Yugoslavia
ESTERHÁZY Péter: A szív segédigéi,Denmark,Yugoslavia
NÁDAS Péter: Egy családregény vége,Denmark,Yugoslavia
VASZARY Gábor: Monpti,Egypt,Federal Republic of Germany
VASZARY Gábor: Monpti,Egypt,Netherlands
VASZARY Gábor: Monpti,Egypt,South Korea
VASZARY Gábor: Monpti,Egypt,Spain
MÁRAI Sándor: Az igazi,Federal Republic of Germany,Finland
SZABÓ Magda: Az őz,Federal Republic of Germany,Finland
SZABÓ Magda: Disznótor,Federal Republic of Germany,Finland
MÉSZÖLY Miklós: Saulus,Federal Republic of Germany,Finland
KONRÁD György: A látogató,Federal Republic of Germany,Finland
KERTÉSZ Ákos: Makra,Federal Republic of Germany,Finland
LAKATOS Menyhért: Füstös képek,Federal Republic of Germany,Finland
HARSÁNYI Zsolt: Magyar rapszódia: Liszt életének regénye,Federal Republic of Germany,Finland
DÉRY Tibor: Niki,Federal Republic of Germany,Finland
KONRÁD György: A cinkos,Federal Republic of Germany,Finland
CSOÓRI Sándor: Források:,Federal Republic of Germany,Finland
SZÁSZ Imre: Felhőfejes,Federal Republic of Germany,Finland
HARSÁNYI Zsolt: Élni jó. Rubens életének regénye,Federal Republic of Germany,Finland
HARSÁNYI Zsolt: És mégis mozog a föld,Federal Republic of Germany,France
JUST Béla: Allegro barbaro,Federal Republic of Germany,France
KÖRMENDI Ferenc: A budapesti kaland,Federal Republic of Germany,France
JUST Béla: Az eszelősök,Federal Republic of Germany,France
SZABÓ Magda: Az őz,Federal Republic of Germany,France
DÉRY Tibor: A befejezetlen mondat,Federal Republic of Germany,France
HERNÁDI Gyula: A péntek lépcsőin,Federal Republic of Germany,France
KESZI Imre: Elysium,Federal Republic of Germany,France
SZABÓ Magda: Pilátus,Federal Republic of Germany,France
DÉRY Tibor: G. A. úr X-ben,Federal Republic of Germany,France
"SZABÓ Magda: Mózes egy, huszonkettő",Federal Republic of Germany,France
DÉRY Tibor: A kiközösítő,Federal Republic of Germany,France
MÉSZÖLY Miklós: Saulus,Federal Republic of Germany,France
KARDOS G. György: Avraham Bogatir hét napja,Federal Republic of Germany,France
MÉSZÖLY Miklós: Az atléta halála,Federal Republic of Germany,France
KONRÁD György: A látogató,Federal Republic of Germany,France
LAKATOS Menyhért: Füstös képek,Federal Republic of Germany,France
HARSÁNYI Zsolt: Magyar rapszódia: Liszt életének regénye,Federal Republic of Germany,France
KONRÁD György: A városalapító,Federal Republic of Germany,France
DÉRY Tibor: Niki,Federal Republic of Germany,France
KONRÁD György: A cinkos,Federal Republic of Germany,France
SZÁSZ Béla: Minden kényszer nélkül,Federal Republic of Germany,France
KONRÁD György: Antipolitika,Federal Republic of Germany,France
HÁY Gyula: Források:,Federal Republic of Germany,France
HERCZEG Ferenc: Az élet kapuja,Federal Republic of Germany,GDR
PASSUTH László: A mantuai herceg muzsikusa,Federal Republic of Germany,GDR
SZABÓ Magda: Az őz,Federal Republic of Germany,GDR
DÉRY Tibor: A befejezetlen mondat,Federal Republic of Germany,GDR
MÁNDY Iván: Források:,Federal Republic of Germany,GDR
DÉRY Tibor: A kiközösítő,Federal Republic of Germany,GDR
HALASI Mária: Minden nap szenzáció,Federal Republic of Germany,GDR
MÉSZÖLY Miklós: Saulus,Federal Republic of Germany,GDR
DÉRY Tibor: Ítélet nincs,Federal Republic of Germany,GDR
KARDOS G. György: Avraham Bogatir hét napja,Federal Republic of Germany,GDR
KERTÉSZ Ákos: Makra,Federal Republic of Germany,GDR
LAKATOS Menyhért: Füstös képek,Federal Republic of Germany,GDR
ÖRKÉNY István: Pisti a vérzivatarban,Federal Republic of Germany,GDR
HEGEDŰS Géza: A milétoszi hajós,Federal Republic of Germany,GDR
Márton Klára: Tessék engem elrabolni,Federal Republic of Germany,GDR
HÁY Gyula: Források:,Federal Republic of Germany,GDR
FEKETE István: Bogáncs,Federal Republic of Germany,Hungary
MÁNDY Iván: Források:,Federal Republic of Germany,Hungary
BENEDEK István: Aranyketrec,Federal Republic of Germany,Hungary
HEGEDŰS Géza: A milétoszi hajós,Federal Republic of Germany,Hungary
EÖRSI István: Az interjú,Federal Republic of Germany,Hungary
ILLÉS Endre: Spanyol Izabella,Federal Republic of Germany,Hungary
CSÁTH Géza: Források:,Federal Republic of Germany,Hungary
KARINTHY Ferenc: Bösendorfer,Federal Republic of Germany,India
KARDOS G. György: Avraham Bogatir hét napja,Federal Republic of Germany,Israel
HARSÁNYI Zsolt: Magyar rapszódia: Liszt életének regénye,Federal Republic of Germany,Israel
KONRÁD György: A cinkos,Federal Republic of Germany,Israel
HARSÁNYI Zsolt: Csak azért is,Federal Republic of Germany,Italy
HARSÁNYI Zsolt: És mégis mozog a föld,Federal Republic of Germany,Italy
MÁRAI Sándor: A szegények iskolája,Federal Republic of Germany,Italy
JUST Béla: Az eszelősök,Federal Republic of Germany,Italy
SZABÓ Magda: Az őz,Federal Republic of Germany,Italy
HERNÁDI Gyula: A péntek lépcsőin,Federal Republic of Germany,Italy
DÉRY Tibor: G. A. úr X-ben,Federal Republic of Germany,Italy
DÉRY Tibor: A kiközösítő,Federal Republic of Germany,Italy
MÉSZÖLY Miklós: Saulus,Federal Republic of Germany,Italy
KARDOS G. György: Avraham Bogatir hét napja,Federal Republic of Germany,Italy
KONRÁD György: A látogató,Federal Republic of Germany,Italy
DÉRY Tibor: Niki,Federal Republic of Germany,Italy
ESTERHÁZY Péter: A szív segédigéi,Federal Republic of Germany,Italy
HARSÁNYI Zsolt: Élni jó. Rubens életének regénye,Federal Republic of Germany,Italy
HARSÁNYI Zsolt: És mégis mozog a föld,Federal Republic of Germany,Japan
KESZI Imre: Elysium,Federal Republic of Germany,Japan
LENGYEL Péter: Ogg második bolygója,Federal Republic of Germany,Japan
KONRÁD György: A látogató,Federal Republic of Germany,Japan
KERTÉSZ Ákos: Makra,Federal Republic of Germany,Japan
MOLNÁR Ferenc: A hattyú,Federal Republic of Germany,Japan
SZÉKELY László: Őserdőktől ültetvényekig,Federal Republic of Germany,Malaysia
HARSÁNYI Zsolt: És mégis mozog a föld,Federal Republic of Germany,Netherlands
HARSÁNYI Zsolt: Magdolna,Federal Republic of Germany,Netherlands
VASZARY Gábor: Monpti,Federal Republic of Germany,Netherlands
SEBESTYÉN György: Kilincs nélküli ajtók,Federal Republic of Germany,Netherlands
SZABÓ Magda: Az őz,Federal Republic of Germany,Netherlands
VASZARY Gábor: Alszik az Isten,Federal Republic of Germany,Netherlands
HERNÁDI Gyula: A péntek lépcsőin,Federal Republic of Germany,Netherlands
DÉRY Tibor: Ítélet nincs,Federal Republic of Germany,Netherlands
KONRÁD György: A látogató,Federal Republic of Germany,Netherlands
NÁDAS Péter: Egy családregény vége,Federal Republic of Germany,Netherlands
HARSÁNYI Zsolt: Magyar rapszódia: Liszt életének regénye,Federal Republic of Germany,Netherlands
KONRÁD György: A cinkos,Federal Republic of Germany,Netherlands
KONRÁD György: Kerti mulatság,Federal Republic of Germany,Netherlands
GALGÓCZI Erzsébet: Törvényen belül,Federal Republic of Germany,Netherlands
JUST Béla: Gortstrasse harmadik emelet (?),Federal Republic of Germany,Netherlands
HARSÁNYI Zsolt: Élni jó. Rubens életének regénye,Federal Republic of Germany,Netherlands
HARSÁNYI Zsolt: Whisky szódával,Federal Republic of Germany,Netherlands
KARDOS G. György: Avraham Bogatir hét napja,Federal Republic of Germany,Norway
KONRÁD György: A látogató,Federal Republic of Germany,Norway
NÁDAS Péter: Egy családregény vége,Federal Republic of Germany,Norway
HARSÁNYI Zsolt: Magyar rapszódia: Liszt életének regénye,Federal Republic of Germany,Norway
DÉRY Tibor: Niki,Federal Republic of Germany,Norway
JUST Béla: Az eszelősök,Federal Republic of Germany,Poland
SZABÓ Magda: Az őz,Federal Republic of Germany,Poland
BÓKAY János: Bohémek és pillangók: Puccini életregénye,Federal Republic of Germany,Poland
SZABÓ Magda: Disznótor,Federal Republic of Germany,Poland
FEJES Endre: Mocorgó,Federal Republic of Germany,Poland
SZABÓ Magda: Pilátus,Federal Republic of Germany,Poland
DÉRY Tibor: G. A. úr X-ben,Federal Republic of Germany,Poland
"SZABÓ Magda: Mózes egy, huszonkettő",Federal Republic of Germany,Poland
DÉRY Tibor: A kiközösítő,Federal Republic of Germany,Poland
MÉSZÖLY Miklós: Saulus,Federal Republic of Germany,Poland
LENGYEL Péter: Ogg második bolygója,Federal Republic of Germany,Poland
MÉSZÖLY Miklós: Az atléta halála,Federal Republic of Germany,Poland
KERTÉSZ Ákos: Makra,Federal Republic of Germany,Poland
LAKATOS Menyhért: Füstös képek,Federal Republic of Germany,Poland
NÁDAS Péter: Egy családregény vége,Federal Republic of Germany,Poland
ZSOLDOS Péter: A feladat,Federal Republic of Germany,Poland
HEGEDŰS Géza: A milétoszi hajós,Federal Republic of Germany,Poland
DÉRY Tibor: Niki,Federal Republic of Germany,Poland
Márton Klára: Tessék engem elrabolni,Federal Republic of Germany,Poland
CSOÓRI Sándor: Források:,Federal Republic of Germany,Poland
SZÁSZ Imre: Felhőfejes,Federal Republic of Germany,Poland
Dalos György: 1985,Federal Republic of Germany,Portugal
MIKSZÁTH Kálmán: A szelistyei asszonyok,Federal Republic of Germany,Romania
PASSUTH László: A mantuai herceg muzsikusa,Federal Republic of Germany,Romania
SZABÓ Magda: Pilátus,Federal Republic of Germany,Romania
DÉRY Tibor: A kiközösítő,Federal Republic of Germany,Romania
KERTÉSZ Ákos: Makra,Federal Republic of Germany,Romania
MÉSZÖLY Miklós: Források:,Federal Republic of Germany,Romania
SZÉKELY László: Őserdőktől ültetvényekig,Federal Republic of Germany,Singapore
VASZARY Gábor: Monpti,Federal Republic of Germany,South Korea
BÓKAY János: Megvédtem egy asszonyt,Federal Republic of Germany,Spain
HARSÁNYI Zsolt: Magdolna,Federal Republic of Germany,Spain
KÖRMENDI Ferenc: A boldog emberöltő,Federal Republic of Germany,Spain
MÁRAI Sándor: Az igazi,Federal Republic of Germany,Spain
MÁRAI Sándor: Vendégjáték Bolzanóban,Federal Republic of Germany,Spain
VASZARY Gábor: Monpti,Federal Republic of Germany,Spain
VASZARY Gábor: Ő,Federal Republic of Germany,Spain
VASZARY János: Angyalt vettem feleségül,Federal Republic of Germany,Spain
HARSÁNYI Zsolt: Az aranyalma,Federal Republic of Germany,Spain
PASSUTH László: A mantuai herceg muzsikusa,Federal Republic of Germany,Spain
SZABÓ Magda: Az őz,Federal Republic of Germany,Spain
ZILAHY Lajos: (NA),Federal Republic of Germany,Spain
KODOLÁNYI János: Az égő csipkebokor,Federal Republic of Germany,Spain
DÉRY Tibor: G. A. úr X-ben,Federal Republic of Germany,Spain
HALASI Mária: Minden nap szenzáció,Federal Republic of Germany,Spain
MÉSZÖLY Miklós: Saulus,Federal Republic of Germany,Spain
HALASI Mária: A lépcsőháztól balra,Federal Republic of Germany,Spain
KERTÉSZ Ákos: Makra,Federal Republic of Germany,Spain
KONRÁD György: A cinkos,Federal Republic of Germany,Spain
HARSÁNYI Zsolt: Whisky szódával,Federal Republic of Germany,Spain
SZABÓ Magda: Az őz,Federal Republic of Germany,Sweden
SZABÓ Magda: Pilátus,Federal Republic of Germany,Sweden
"SZABÓ Magda: Mózes egy, huszonkettő",Federal Republic of Germany,Sweden
DÉRY Tibor: A kiközösítő,Federal Republic of Germany,Sweden
KARDOS G. György: Avraham Bogatir hét napja,Federal Republic of Germany,Sweden
KONRÁD György: A látogató,Federal Republic of Germany,Sweden
KERTÉSZ Ákos: Makra,Federal Republic of Germany,Sweden
NÁDAS Péter: Egy családregény vége,Federal Republic of Germany,Sweden
HARSÁNYI Zsolt: Magyar rapszódia: Liszt életének regénye,Federal Republic of Germany,Sweden
KONRÁD György: A városalapító,Federal Republic of Germany,Sweden
Dalos György: 1985,Federal Republic of Germany,Sweden
DÉRY Tibor: Niki,Federal Republic of Germany,Sweden
KONRÁD György: A cinkos,Federal Republic of Germany,Sweden
KONRÁD György: Kerti mulatság,Federal Republic of Germany,Sweden
GALGÓCZI Erzsébet: Törvényen belül,Federal Republic of Germany,Sweden
KONRÁD György: Antipolitika,Federal Republic of Germany,Sweden
ESTERHÁZY Péter: A szív segédigéi,Federal Republic of Germany,Sweden
CSOÓRI Sándor: Források:,Federal Republic of Germany,Sweden
HARSÁNYI Zsolt: És mégis mozog a föld,Federal Republic of Germany,Switzerland
MÁRAI Sándor: Válás Budán,Federal Republic of Germany,Switzerland
PERLAKY Lajos: A savonai fogoly,Federal Republic of Germany,Switzerland
BALÁZS Béla: Álmodó ifjúság,Federal Republic of Germany,Switzerland
HARSÁNYI Zsolt: Magyar rapszódia: Liszt életének regénye,Federal Republic of Germany,Turkey
DÉRY Tibor: Niki,Federal Republic of Germany,Turkey
MOLNÁR Ferenc: Útitárs a száműzetésben,Federal Republic of Germany,UK
SZABÓ Magda: Az őz,Federal Republic of Germany,UK
SZABÓ Magda: Disznótor,Federal Republic of Germany,UK
FALUDY György: Pokolbéli vig napjaim,Federal Republic of Germany,UK
KONRÁD György: A látogató,Federal Republic of Germany,UK
KONRÁD György: A városalapító,Federal Republic of Germany,UK
Dalos György: 1985,Federal Republic of Germany,UK
DÉRY Tibor: Niki,Federal Republic of Germany,UK
KONRÁD György: A cinkos,Federal Republic of Germany,UK
SZÁSZ Béla: Minden kényszer nélkül,Federal Republic of Germany,UK
CSÁTH Géza: Források:,Federal Republic of Germany,UK
SEBESTYÉN György: Kilincs nélküli ajtók,Federal Republic of Germany,USA
SZABÓ Magda: Az őz,Federal Republic of Germany,USA
KÖNNYŰ László: Források:,Federal Republic of Germany,USA
KARDOS G. György: Avraham Bogatir hét napja,Federal Republic of Germany,USA
KONRÁD György: A látogató,Federal Republic of Germany,USA
KONRÁD György: A városalapító,Federal Republic of Germany,USA
Dalos György: 1985,Federal Republic of Germany,USA
DÉRY Tibor: Niki,Federal Republic of Germany,USA
KONRÁD György: A cinkos,Federal Republic of Germany,USA
SZÁSZ Béla: Minden kényszer nélkül,Federal Republic of Germany,USA
KONRÁD György: Antipolitika,Federal Republic of Germany,USA
CSÁTH Géza: Források:,Federal Republic of Germany,USA
CSOÓRI Sándor: Források:,Federal Republic of Germany,USA
KARINTHY Ferenc: Bösendorfer,Federal Republic of Germany,USA
HERNÁDI Gyula: A péntek lépcsőin,Federal Republic of Germany,Venezuela
HARSÁNYI Zsolt: És mégis mozog a föld,Federal Republic of Germany,Yugoslavia
SZABÓ Magda: Az őz,Federal Republic of Germany,Yugoslavia
BÓKAY János: Bohémek és pillangók: Puccini életregénye,Federal Republic of Germany,Yugoslavia
DÉRY Tibor: A befejezetlen mondat,Federal Republic of Germany,Yugoslavia
DÉRY Tibor: G. A. úr X-ben,Federal Republic of Germany,Yugoslavia
KARDOS G. György: Avraham Bogatir hét napja,Federal Republic of Germany,Yugoslavia
KERTÉSZ Ákos: Makra,Federal Republic of Germany,Yugoslavia
NÁDAS Péter: Egy családregény vége,Federal Republic of Germany,Yugoslavia
HARSÁNYI Zsolt: Magyar rapszódia: Liszt életének regénye,Federal Republic of Germany,Yugoslavia
DÉRY Tibor: Niki,Federal Republic of Germany,Yugoslavia
KONRÁD György: A cinkos,Federal Republic of Germany,Yugoslavia
EÖRSI István: Források:,Federal Republic of Germany,Yugoslavia
GALGÓCZI Erzsébet: Törvényen belül,Federal Republic of Germany,Yugoslavia
ESTERHÁZY Péter: A szív segédigéi,Federal Republic of Germany,Yugoslavia
CSÁTH Géza: Források:,Federal Republic of Germany,Yugoslavia
GALGÓCZI Erzsébet: Vidravas,Federal Republic of Germany,Yugoslavia
KARINTHY Ferenc: Bösendorfer,Federal Republic of Germany,Yugoslavia
ZILAHY Lajos: A fegyverek visszanéznek,Finland,France
ZILAHY Lajos: Ararát,Finland,France
HARSÁNYI Zsolt: Magyar rapszódia: Liszt életének regénye,Finland,France
DÉRY Tibor: Niki,Finland,France
SZABÓ Magda: Az őz,Finland,France
KONRÁD György: A látogató,Finland,France
ILLYÉS Gyula: Kháron ladikján,Finland,France
PILINSZKY János: Források:,Finland,France
LAKATOS Menyhért: Füstös képek,Finland,France
KONRÁD György: A cinkos,Finland,France
MÉSZÖLY Miklós: Saulus,Finland,France
SZABÓ Magda: Az őz,Finland,GDR
ILLYÉS Gyula: Kháron ladikján,Finland,GDR
KERTÉSZ Ákos: Makra,Finland,GDR
LAKATOS Menyhért: Füstös képek,Finland,GDR
MÉSZÖLY Miklós: Saulus,Finland,GDR
DÉRY Tibor: Képzelt riport egy amerikai pop-fesztiválról,Finland,GDR
SZAKONYI Károly: Adáshiba,Finland,Greece
MOLDOVA György: Sötét angyal,Finland,Hungary
PILINSZKY János: Források:,Finland,Hungary
SÁNTA Ferenc: Isten a szekéren,Finland,Hungary
HARSÁNYI Zsolt: Magyar rapszódia: Liszt életének regénye,Finland,Israel
KONRÁD György: A cinkos,Finland,Israel
DÉRY Tibor: Niki,Finland,Italy
SZABÓ Magda: Az őz,Finland,Italy
KONRÁD György: A látogató,Finland,Italy
MÉSZÖLY Miklós: Saulus,Finland,Italy
HARSÁNYI Zsolt: Élni jó. Rubens életének regénye,Finland,Italy
DÉRY Tibor: Képzelt riport egy amerikai pop-fesztiválról,Finland,Italy
KONRÁD György: A látogató,Finland,Japan
KERTÉSZ Ákos: Makra,Finland,Japan
KARINTHY Ferenc: Epepe,Finland,Japan
HARSÁNYI Zsolt: Magyar rapszódia: Liszt életének regénye,Finland,Netherlands
SZABÓ Magda: Az őz,Finland,Netherlands
KONRÁD György: A látogató,Finland,Netherlands
PILINSZKY János: Források:,Finland,Netherlands
KONRÁD György: A cinkos,Finland,Netherlands
HARSÁNYI Zsolt: Élni jó. Rubens életének regénye,Finland,Netherlands
ZILAHY Lajos: Ararát,Finland,Norway
HARSÁNYI Zsolt: Magyar rapszódia: Liszt életének regénye,Finland,Norway
DÉRY Tibor: Niki,Finland,Norway
KONRÁD György: A látogató,Finland,Norway
KARINTHY Ferenc: Epepe,Finland,Norway
DÉRY Tibor: Niki,Finland,Poland
MOLDOVA György: Sötét angyal,Finland,Poland
SZABÓ Magda: Az őz,Finland,Poland
SZABÓ Magda: Disznótor,Finland,Poland
SZÁSZ Imre: Felhőfejes,Finland,Poland
ILLYÉS Gyula: Kháron ladikján,Finland,Poland
CSOÓRI Sándor: Források:,Finland,Poland
KERTÉSZ Ákos: Makra,Finland,Poland
LAKATOS Menyhért: Füstös képek,Finland,Poland
KARINTHY Ferenc: Epepe,Finland,Poland
MÉSZÖLY Miklós: Saulus,Finland,Poland
DÉRY Tibor: Képzelt riport egy amerikai pop-fesztiválról,Finland,Poland
MOLDOVA György: Sötét angyal,Finland,Romania
KERTÉSZ Ákos: Makra,Finland,Romania
ZILAHY Lajos: A fegyverek visszanéznek,Finland,Spain
ZILAHY Lajos: Ararát,Finland,Spain
ZILAHY Lajos: Valamit visz a víz,Finland,Spain
SZABÓ Magda: Az őz,Finland,Spain
KERTÉSZ Ákos: Makra,Finland,Spain
KONRÁD György: A cinkos,Finland,Spain
MÉSZÖLY Miklós: Saulus,Finland,Spain
MÁRAI Sándor: Az igazi,Finland,Spain
ZILAHY Lajos: Ararát,Finland,Sweden
HARSÁNYI Zsolt: Magyar rapszódia: Liszt életének regénye,Finland,Sweden
DÉRY Tibor: Niki,Finland,Sweden
SZABÓ Magda: Az őz,Finland,Sweden
KONRÁD György: A látogató,Finland,Sweden
ILLYÉS Gyula: Kháron ladikján,Finland,Sweden
CSOÓRI Sándor: Források:,Finland,Sweden
KERTÉSZ Ákos: Makra,Finland,Sweden
KARINTHY Ferenc: Epepe,Finland,Sweden
KONRÁD György: A cinkos,Finland,Sweden
HARSÁNYI Zsolt: Galgó három felesége,Finland,Sweden
PILINSZKY János: Források:,Finland,Switzerland
HARSÁNYI Zsolt: Magyar rapszódia: Liszt életének regénye,Finland,Turkey
MÓRA Ferenc: Ének a búzamezőkről,Finland,Turkey
DÉRY Tibor: Niki,Finland,Turkey
DÉRY Tibor: Niki,Finland,UK
SZABÓ Magda: Az őz,Finland,UK
SZABÓ Magda: Disznótor,Finland,UK
KONRÁD György: A látogató,Finland,UK
KONRÁD György: A cinkos,Finland,UK
ZILAHY Lajos: Ararát,Finland,USA
DÉRY Tibor: Niki,Finland,USA
SZABÓ Magda: Az őz,Finland,USA
KONRÁD György: A látogató,Finland,USA
CSOÓRI Sándor: Források:,Finland,USA
KONRÁD György: A cinkos,Finland,USA
ZILAHY Lajos: A fegyverek visszanéznek,Finland,Yugoslavia
ZILAHY Lajos: Ararát,Finland,Yugoslavia
ZILAHY Lajos: Valamit visz a víz,Finland,Yugoslavia
HARSÁNYI Zsolt: Magyar rapszódia: Liszt életének regénye,Finland,Yugoslavia
DÉRY Tibor: Niki,Finland,Yugoslavia
MOLDOVA György: Sötét angyal,Finland,Yugoslavia
SZABÓ Magda: Az őz,Finland,Yugoslavia
KERTÉSZ Ákos: Makra,Finland,Yugoslavia
KONRÁD György: A cinkos,Finland,Yugoslavia
SZABÓ Magda: Az őz,France,GDR
DÉRY Tibor: A befejezetlen mondat,France,GDR
DÉRY Tibor: A kiközösítő,France,GDR
HÁY Gyula: Források:,France,GDR
MÉSZÖLY Miklós: Saulus,France,GDR
ILLYÉS Gyula: Kháron ladikján,France,GDR
KARDOS G. György: Avraham Bogatir hét napja,France,GDR
LAKATOS Menyhért: Füstös képek,France,GDR
TERSÁNSZKY Józsi Jenő: Kakuk Marci,France,GDR
"HÁY Gyula: Isten, császár, paraszt",France,GDR
SZATHMÁRI Sándor: Kazohinia,France,Hungary
REJTŐ Jenő: Vesztegzár a Grand Hotelben,France,Hungary
SZABÓ Magda: Sziget-kék,France,Hungary
PILINSZKY János: Források:,France,Hungary
TERSÁNSZKY Józsi Jenő: Kakuk Marci,France,Hungary
HARSÁNYI Zsolt: Magyar rapszódia: Liszt életének regénye,France,Israel
KARDOS G. György: Avraham Bogatir hét napja,France,Israel
KONRÁD György: A cinkos,France,Israel
NYISZLI Miklós: Dr Mengele boncolóorvosa voltam,France,Israel
HARSÁNYI Zsolt: És mégis mozog a föld,France,Italy
JUST Béla: Az eszelősök,France,Italy
ZILAHY Lajos: A dühödt angyal,France,Italy
DÉRY Tibor: Niki,France,Italy
SZABÓ Magda: Az őz,France,Italy
DÉRY Tibor: G. A. úr X-ben,France,Italy
HERNÁDI Gyula: A péntek lépcsőin,France,Italy
DÉRY Tibor: A kiközösítő,France,Italy
MÉSZÖLY Miklós: Saulus,France,Italy
KARDOS G. György: Avraham Bogatir hét napja,France,Italy
KONRÁD György: A látogató,France,Italy
NYISZLI Miklós: Dr Mengele boncolóorvosa voltam,France,Italy
HARSÁNYI Zsolt: És mégis mozog a föld,France,Japan
MOLNÁR Ferenc: A jó tündér,France,Japan
KESZI Imre: Elysium,France,Japan
KONRÁD György: A látogató,France,Japan
PASSUTH László: Esőisten siratja Mexikót,France,Mexico
HARSÁNYI Zsolt: És mégis mozog a föld,France,Netherlands
HARSÁNYI Zsolt: Magyar rapszódia: Liszt életének regénye,France,Netherlands
FÖLDES Jolán: A halászó macska uccája,France,Netherlands
SZABÓ Magda: Az őz,France,Netherlands
HERNÁDI Gyula: A péntek lépcsőin,France,Netherlands
KONRÁD György: A látogató,France,Netherlands
KONRÁD György: A cinkos,France,Netherlands
PILINSZKY János: Források:,France,Netherlands
HARSÁNYI Zsolt: Magyar rapszódia: Liszt életének regénye,France,Norway
ZILAHY Lajos: Ararát,France,Norway
DÉRY Tibor: Niki,France,Norway
KARDOS G. György: Avraham Bogatir hét napja,France,Norway
KONRÁD György: A látogató,France,Norway
RÓNAY György: A párduc és a gödölye,France,Norway
JUST Béla: Az eszelősök,France,Poland
FÖLDES Jolán: A halászó macska uccája,France,Poland
DÉRY Tibor: Niki,France,Poland
SZABÓ Magda: Az őz,France,Poland
DÉRY Tibor: G. A. úr X-ben,France,Poland
MÉSZÖLY Miklós: Az atléta halála,France,Poland
DÉRY Tibor: A kiközösítő,France,Poland
SZABÓ Magda: Pilátus,France,Poland
"SZABÓ Magda: Mózes egy, huszonkettő",France,Poland
MÉSZÖLY Miklós: Saulus,France,Poland
ILLYÉS Gyula: Kháron ladikján,France,Poland
RÓNAY György: A párduc és a gödölye,France,Poland
LAKATOS Menyhért: Füstös képek,France,Poland
NYISZLI Miklós: Dr Mengele boncolóorvosa voltam,France,Poland
"HÁY Gyula: Isten, császár, paraszt",France,Poland
FÖLDES Jolán: A halászó macska uccája,France,Portugal
DÉRY Tibor: A kiközösítő,France,Romania
SZABÓ Magda: Pilátus,France,Romania
NYISZLI Miklós: Dr Mengele boncolóorvosa voltam,France,Romania
ZILAHY Lajos: A dühödt angyal,France,Spain
ZILAHY Lajos: A fegyverek visszanéznek,France,Spain
ZILAHY Lajos: A lélek kialszik,France,Spain
ZILAHY Lajos: Ararát,France,Spain
PASSUTH László: Esőisten siratja Mexikót,France,Spain
MÁRAI Sándor: A gyertyák csonkig égnek,France,Spain
SZABÓ Magda: Az őz,France,Spain
DÉRY Tibor: G. A. úr X-ben,France,Spain
MÉSZÖLY Miklós: Saulus,France,Spain
KONRÁD György: A cinkos,France,Spain
HARSÁNYI Zsolt: Magyar rapszódia: Liszt életének regénye,France,Sweden
ZILAHY Lajos: Ararát,France,Sweden
DÉRY Tibor: Niki,France,Sweden
SZABÓ Magda: Az őz,France,Sweden
DÉRY Tibor: A kiközösítő,France,Sweden
SZABÓ Magda: Pilátus,France,Sweden
"SZABÓ Magda: Mózes egy, huszonkettő",France,Sweden
ILLYÉS Gyula: Kháron ladikján,France,Sweden
KARDOS G. György: Avraham Bogatir hét napja,France,Sweden
KONRÁD György: A látogató,France,Sweden
KONRÁD György: A cinkos,France,Sweden
KONRÁD György: Antipolitika,France,Sweden
KONRÁD György: A városalapító,France,Sweden
HARSÁNYI Zsolt: És mégis mozog a föld,France,Switzerland
ZILAHY Lajos: A dühödt angyal,France,Switzerland
RAB Gusztáv: Utazás az ismeretlenbe,France,Switzerland
PILINSZKY János: Források:,France,Switzerland
NYISZLI Miklós: Dr Mengele boncolóorvosa voltam,France,Switzerland
HARSÁNYI Zsolt: Magyar rapszódia: Liszt életének regénye,France,Turkey
DÉRY Tibor: Niki,France,Turkey
ZILAHY Lajos: A dühödt angyal,France,UK
PASSUTH László: Esőisten siratja Mexikót,France,UK
DÉRY Tibor: Niki,France,UK
SZABÓ Magda: Az őz,France,UK
KONRÁD György: A látogató,France,UK
KONRÁD György: A cinkos,France,UK
NYISZLI Miklós: Dr Mengele boncolóorvosa voltam,France,UK
SZÁSZ Béla: Minden kényszer nélkül,France,UK
KONRÁD György: A városalapító,France,UK
ZILAHY Lajos: A dühödt angyal,France,USA
ZILAHY Lajos: Ararát,France,USA
PASSUTH László: Esőisten siratja Mexikót,France,USA
DÉRY Tibor: Niki,France,USA
SZABÓ Magda: Az őz,France,USA
KARDOS G. György: Avraham Bogatir hét napja,France,USA
KONRÁD György: A látogató,France,USA
KONRÁD György: A cinkos,France,USA
KONRÁD György: Antipolitika,France,USA
NYISZLI Miklós: Dr Mengele boncolóorvosa voltam,France,USA
SZÁSZ Béla: Minden kényszer nélkül,France,USA
VAJDA István: Az AA 338-as esete,France,USA
KONRÁD György: A városalapító,France,USA
HERNÁDI Gyula: A péntek lépcsőin,France,Venezuela
HARSÁNYI Zsolt: És mégis mozog a föld,France,Yugoslavia
HARSÁNYI Zsolt: Magyar rapszódia: Liszt életének regénye,France,Yugoslavia
ZILAHY Lajos: A dühödt angyal,France,Yugoslavia
ZILAHY Lajos: A fegyverek visszanéznek,France,Yugoslavia
ZILAHY Lajos: A lélek kialszik,France,Yugoslavia
ZILAHY Lajos: Ararát,France,Yugoslavia
PASSUTH László: Esőisten siratja Mexikót,France,Yugoslavia
DÉRY Tibor: Niki,France,Yugoslavia
SZABÓ Magda: Az őz,France,Yugoslavia
DÉRY Tibor: G. A. úr X-ben,France,Yugoslavia
DÉRY Tibor: A befejezetlen mondat,France,Yugoslavia
SZABÓ Magda: Sziget-kék,France,Yugoslavia
KARDOS G. György: Avraham Bogatir hét napja,France,Yugoslavia
KONRÁD György: A cinkos,France,Yugoslavia
HEGEDŰS Géza: A milétoszi hajós,GDR,Hungary
FÖLDES Péter: A túlsó partról,GDR,Hungary
GELLÉRI Andor Endre: A nagymosoda,GDR,Hungary
MÓRICZ Zsigmond: Tündérkert,GDR,Hungary
NAGY László: Források:,GDR,Hungary
FÜST Milán: Források:,GDR,Hungary
MÓRICZ Zsigmond: A nap árnyéka,GDR,Hungary
"TERSÁNSZKY Józsi Jenő: Viszontlátásra, drága",GDR,Hungary
MÁNDY Iván: Források:,GDR,Hungary
KASSÁK Lajos: Csavargások,GDR,Hungary
GÁRDONYI Géza: Isten rabjai,GDR,Hungary
PAP Károly: Azarel,GDR,Hungary
LENGYEL József: Három hídépítő,GDR,Hungary
KESZI Imre: A végtelen dallam: Wagner életregénye,GDR,Hungary
FEKETE István: Források:,GDR,Hungary
SZABÓ Magda: Abigél,GDR,Hungary
NEMES NAGY Ágnes: Források:,GDR,Hungary
VAS István: Források:,GDR,Hungary
KRÚDY Gyula: A vörös postakocsi,GDR,Hungary
HEVESI Lajos: Jelky András kalandjai,GDR,Hungary
TERSÁNSZKY Józsi Jenő: Kakuk Marci,GDR,Hungary
CSIKY Gergely: A proletárok,GDR,Iran
KARDOS G. György: Avraham Bogatir hét napja,GDR,Israel
HÁY Gyula: Erő,GDR,Italy
MÉSZÖLY Miklós: Saulus,GDR,Italy
DÉRY Tibor: Képzelt riport egy amerikai pop-fesztiválról,GDR,Italy
DÉRY Tibor: A kiközösítő,GDR,Italy
GÁRDONYI Géza: Isten rabjai,GDR,Italy
SZABÓ Magda: Az őz,GDR,Italy
KARDOS G. György: Avraham Bogatir hét napja,GDR,Italy
NEMES NAGY Ágnes: Források:,GDR,Italy
KODOLÁNYI János: Julianus barát,GDR,Italy
KERTÉSZ Ákos: Makra,GDR,Japan
ILLÉS Béla: Fegyvert s vitézt éneklek,GDR,Netherlands
SZABÓ Magda: Az őz,GDR,Netherlands
DÉRY Tibor: Ítélet nincs,GDR,Netherlands
HEVESI Lajos: Jelky András kalandjai,GDR,Netherlands
KARDOS G. György: Avraham Bogatir hét napja,GDR,Norway
Tóth Judith: Kifutópálya,GDR,Norway
ASZTALOS István: Szél fúvatlan nem indul,GDR,Poland
HÁY Gyula: Tiszazug,GDR,Poland
MIKSZÁTH Kálmán: A Noszty fiú esete Tóth Marival,GDR,Poland
VERES Péter: Pályamunkások,GDR,Poland
VERES Péter: Három nemzedék − Szolgaság,GDR,Poland
ILLÉS Béla: Fegyvert s vitézt éneklek,GDR,Poland
HEGEDŰS Géza: A milétoszi hajós,GDR,Poland
NÉMETH Imre: Őserdők mélyén: Magyar László regényes életrajza,GDR,Poland
"HÁY Gyula: Isten, császár, paraszt",GDR,Poland
FEHÉR Klára: Bezzeg az én időmben,GDR,Poland
MOLDOVA György: Források:,GDR,Poland
MEZEI András: A csodatevő,GDR,Poland
NAGY László: Források:,GDR,Poland
PASSUTH László: Madrigál: Carlo Gesualdo életregénye,GDR,Poland
MÉSZÖLY Miklós: Saulus,GDR,Poland
DÉRY Tibor: Képzelt riport egy amerikai pop-fesztiválról,GDR,Poland
PASSUTH László: Lagúnák,GDR,Poland
SZERB Antal: VII. Olivér,GDR,Poland
KERTÉSZ Ákos: Makra,GDR,Poland
BOLDIZSÁR Iván: Halálaim,GDR,Poland
DÉRY Tibor: A kiközösítő,GDR,Poland
DARVAS József: Város az ingoványon,GDR,Poland
LAKATOS Menyhért: Füstös képek,GDR,Poland
GÁRDONYI Géza: Isten rabjai,GDR,Poland
SZABÓ Magda: Az őz,GDR,Poland
BALÁZS József: Magyarok,GDR,Poland
SÜTŐ András: Anyám könnyű álmot ígér,GDR,Poland
Márton Klára: Tessék engem elrabolni,GDR,Poland
ILLYÉS Gyula: Kháron ladikján,GDR,Poland
KESZI Imre: A végtelen dallam: Wagner életregénye,GDR,Poland
KOLOZSVÁRI GRANDPIERRE Emil: Nők apróban,GDR,Poland
FEKETE István: Források:,GDR,Poland
MUNKÁCSI Miklós: Kihívás,GDR,Poland
GÖNCZ Árpád: Sarusok,GDR,Poland
HEVESI Lajos: Jelky András kalandjai,GDR,Poland
NAGY Lajos: Pincenapló,GDR,Poland
HELTAI Jenő: Álmokháza,GDR,Poland
ASZTALOS István: Szél fúvatlan nem indul,GDR,Romania
ÖRKÉNY István: Házastársak,GDR,Romania
ILLÉS Béla: Fegyvert s vitézt éneklek,GDR,Romania
PASSUTH László: Madrigál: Carlo Gesualdo életregénye,GDR,Romania
KERTÉSZ Ákos: Makra,GDR,Romania
DÉRY Tibor: A kiközösítő,GDR,Romania
SÜTŐ András: Anyám könnyű álmot ígér,GDR,Romania
PASSUTH László: A mantuai herceg muzsikusa,GDR,Romania
SZILÁGYI István: Kő hull apadó kútba,GDR,Romania
MUNKÁCSI Miklós: Kihívás,GDR,Romania
BETLEN Oszkár: Élet a halál földjén,GDR,Romania
PASSUTH László: Madrigál: Carlo Gesualdo életregénye,GDR,Spain
MÉSZÖLY Miklós: Saulus,GDR,Spain
PASSUTH László: Lagúnák,GDR,Spain
KERTÉSZ Ákos: Makra,GDR,Spain
SZABÓ Magda: Az őz,GDR,Spain
PASSUTH László: A mantuai herceg muzsikusa,GDR,Spain
HALASI Mária: Minden nap szenzáció,GDR,Spain
KERTÉSZ Ákos: Makra,GDR,Sweden
DÉRY Tibor: A kiközösítő,GDR,Sweden
SZABÓ Magda: Az őz,GDR,Sweden
BALÁZS József: Magyarok,GDR,Sweden
KARDOS G. György: Avraham Bogatir hét napja,GDR,Sweden
ILLYÉS Gyula: Kháron ladikján,GDR,Sweden
Tóth Judith: Kifutópálya,GDR,Sweden
MIKSZÁTH Kálmán: A Noszty fiú esete Tóth Marival,GDR,Switzerland
JÓKAI Mór: Források:,GDR,Switzerland
BALÁZS József: Magyarok,GDR,Switzerland
BALÁZS József: Magyarok,GDR,Turkey
SZABÓ Magda: Az őz,GDR,UK
SZÉKELY János (John Pen): Kísértés,GDR,USA
SZABÓ Magda: Az őz,GDR,USA
KARDOS G. György: Avraham Bogatir hét napja,GDR,USA
NEMES NAGY Ágnes: Források:,GDR,USA
DÉRY Tibor: A befejezetlen mondat,GDR,Yugoslavia
KERTÉSZ Ákos: Makra,GDR,Yugoslavia
JÓKAI Mór: Kárpáthy Zoltán,GDR,Yugoslavia
GÁRDONYI Géza: Isten rabjai,GDR,Yugoslavia
SZABÓ Magda: Az őz,GDR,Yugoslavia
KARDOS G. György: Avraham Bogatir hét napja,GDR,Yugoslavia
KOLOZSVÁRI GRANDPIERRE Emil: Nők apróban,GDR,Yugoslavia
"MIKSZÁTH Kálmán: Prakovszky, a siket kovács",Hungary,Italy
NEMES NAGY Ágnes: Források:,Hungary,Italy
GÁRDONYI Géza: Isten rabjai,Hungary,Italy
HEVESI Lajos: Jelky András kalandjai,Hungary,Netherlands
PILINSZKY János: Források:,Hungary,Netherlands
GYÁRFÁS Miklós: Mesterfogás,Hungary,Norway
HEGEDŰS Géza: A milétoszi hajós,Hungary,Poland
HEVESI Lajos: Jelky András kalandjai,Hungary,Poland
SZÁVA István: A szirakuzai óriás,Hungary,Poland
GERGELY Sándor: Rögös út,Hungary,Poland
SZERB Antal: A Pendragon legenda,Hungary,Poland
MIKSZÁTH Kálmán: A két koldusdiák,Hungary,Poland
MOLDOVA György: Sötét angyal,Hungary,Poland
KOSZTOLÁNYI Dezső: Esti Kornél,Hungary,Poland
"DÉKÁNY András: Matrózok, hajók, kapitányok",Hungary,Poland
JÓKAI Mór: Szegény gazdagok,Hungary,Poland
PALOTAI Boris: Zöld dió,Hungary,Poland
NAGY László: Források:,Hungary,Poland
SZERB Antal: Utas és holdvilág,Hungary,Poland
ILLYÉS Gyula: Tűz vagyok,Hungary,Poland
KESZI Imre: A végtelen dallam: Wagner életregénye,Hungary,Poland
FEKETE István: Források:,Hungary,Poland
GÁRDONYI Géza: Isten rabjai,Hungary,Poland
KATONA József: Bánk bán,Hungary,Romania
MOLDOVA György: Sötét angyal,Hungary,Romania
KOSZTOLÁNYI Dezső: Esti Kornél,Hungary,Romania
DÉKÁNY András: Robinson utolsó kalandja,Hungary,Romania
SZABÓ Lőrinc: A huszonhatodik év,Hungary,Romania
FEHÉR Klára: A földrengések szigete,Hungary,Romania
JÓKAI Mór: Egy hírhedett kalandor,Hungary,Switzerland
PILINSZKY János: Források:,Hungary,Switzerland
KATONA József: Bánk bán,Hungary,Turkey
CSÁTH Géza: Források:,Hungary,UK
BÖLÖNI FARKAS Sándor: Utazás Észak-Amerikában,Hungary,USA
CSÁTH Géza: Források:,Hungary,USA
NEMES NAGY Ágnes: Források:,Hungary,USA
SZERB Antal: A Pendragon legenda,Hungary,Yugoslavia
SZABÓ Magda: Sziget-kék,Hungary,Yugoslavia
MOLDOVA György: Sötét angyal,Hungary,Yugoslavia
JÓKAI Mór: Szegény gazdagok,Hungary,Yugoslavia
CSÁTH Géza: Források:,Hungary,Yugoslavia
GÁRDONYI Géza: Isten rabjai,Hungary,Yugoslavia
KARINTHY Ferenc: Bösendorfer,India,USA
KARINTHY Ferenc: Bösendorfer,India,Yugoslavia
KARDOS G. György: Avraham Bogatir hét napja,Israel,Italy
NYISZLI Miklós: Dr Mengele boncolóorvosa voltam,Israel,Italy
BABITS Mihály: Jónás könyve,Israel,Italy
HARSÁNYI Zsolt: Magyar rapszódia: Liszt életének regénye,Israel,Netherlands
KONRÁD György: A cinkos,Israel,Netherlands
HARSÁNYI Zsolt: Magyar rapszódia: Liszt életének regénye,Israel,Norway
KARDOS G. György: Avraham Bogatir hét napja,Israel,Norway
GYURKÓ László: Faustus doktor boldogságos pokoljárása,Israel,Poland
NYISZLI Miklós: Dr Mengele boncolóorvosa voltam,Israel,Poland
NYISZLI Miklós: Dr Mengele boncolóorvosa voltam,Israel,Romania
KONRÁD György: A cinkos,Israel,Spain
HARSÁNYI Zsolt: Magyar rapszódia: Liszt életének regénye,Israel,Sweden
KONRÁD György: A cinkos,Israel,Sweden
KARDOS G. György: Avraham Bogatir hét napja,Israel,Sweden
NYISZLI Miklós: Dr Mengele boncolóorvosa voltam,Israel,Switzerland
HARSÁNYI Zsolt: Magyar rapszódia: Liszt életének regénye,Israel,Turkey
KONRÁD György: A cinkos,Israel,UK
KACZÉR Illés: Jerichó ostroma,Israel,UK
"KACZÉR Illés: Ne félj szolgám, Jákob",Israel,UK
NYISZLI Miklós: Dr Mengele boncolóorvosa voltam,Israel,UK
KONRÁD György: A cinkos,Israel,USA
KARDOS G. György: Avraham Bogatir hét napja,Israel,USA
KACZÉR Illés: Jerichó ostroma,Israel,USA
NYISZLI Miklós: Dr Mengele boncolóorvosa voltam,Israel,USA
HARSÁNYI Zsolt: Magyar rapszódia: Liszt életének regénye,Israel,Yugoslavia
KONRÁD György: A cinkos,Israel,Yugoslavia
KARDOS G. György: Avraham Bogatir hét napja,Israel,Yugoslavia
KONRÁD György: A látogató,Italy,Japan
HARSÁNYI Zsolt: És mégis mozog a föld,Italy,Japan
HARSÁNYI Zsolt: Élni jó. Rubens életének regénye,Italy,Netherlands
SZABÓ Magda: Az őz,Italy,Netherlands
HERNÁDI Gyula: A péntek lépcsőin,Italy,Netherlands
KONRÁD György: A látogató,Italy,Netherlands
KÖRMENDI Ferenc: Bűnösök,Italy,Netherlands
HARSÁNYI Zsolt: És mégis mozog a föld,Italy,Netherlands
DÉRY Tibor: Niki,Italy,Norway
KONRÁD György: A látogató,Italy,Norway
KARDOS G. György: Avraham Bogatir hét napja,Italy,Norway
JUST Béla: Az eszelősök,Italy,Poland
GÁRDONYI Géza: Isten rabjai,Italy,Poland
SZABÓ Magda: Az őz,Italy,Poland
DÉRY Tibor: G. A. úr X-ben,Italy,Poland
DÉRY Tibor: Niki,Italy,Poland
DÉRY Tibor: A kiközösítő,Italy,Poland
DÉRY Tibor: Képzelt riport egy amerikai pop-fesztiválról,Italy,Poland
DÉRY Tibor: A félfülű,Italy,Poland
MÉSZÖLY Miklós: Saulus,Italy,Poland
NYISZLI Miklós: Dr Mengele boncolóorvosa voltam,Italy,Poland
BRÓDY Sándor: A tanítónő,Italy,Romania
DÉRY Tibor: A kiközösítő,Italy,Romania
NYISZLI Miklós: Dr Mengele boncolóorvosa voltam,Italy,Romania
TÖRÖK Sándor: Valaki kopog: tizenkét szoba regénye,Italy,Spain
ZILAHY Lajos: A dühödt angyal,Italy,Spain
SZABÓ Magda: Az őz,Italy,Spain
DÉRY Tibor: G. A. úr X-ben,Italy,Spain
MÉSZÖLY Miklós: Saulus,Italy,Spain
SZABÓ Magda: Az őz,Italy,Sweden
DÉRY Tibor: Niki,Italy,Sweden
DÉRY Tibor: A kiközösítő,Italy,Sweden
KONRÁD György: A látogató,Italy,Sweden
KARDOS G. György: Avraham Bogatir hét napja,Italy,Sweden
ESTERHÁZY Péter: A szív segédigéi,Italy,Sweden
ZILAHY Lajos: A dühödt angyal,Italy,Switzerland
NYISZLI Miklós: Dr Mengele boncolóorvosa voltam,Italy,Switzerland
HARSÁNYI Zsolt: És mégis mozog a föld,Italy,Switzerland
DÉRY Tibor: Niki,Italy,Turkey
ZILAHY Lajos: A dühödt angyal,Italy,UK
SZABÓ Magda: Az őz,Italy,UK
DÉRY Tibor: Niki,Italy,UK
KONRÁD György: A látogató,Italy,UK
KÖRMENDI Ferenc: Bűnösök,Italy,UK
NYISZLI Miklós: Dr Mengele boncolóorvosa voltam,Italy,UK
KÖRMENDI Ferenc: Napfogyatkozás,Italy,USA
ZILAHY Lajos: A dühödt angyal,Italy,USA
SZABÓ Magda: Az őz,Italy,USA
DÉRY Tibor: Niki,Italy,USA
KONRÁD György: A látogató,Italy,USA
KARDOS G. György: Avraham Bogatir hét napja,Italy,USA
NEMES NAGY Ágnes: Források:,Italy,USA
NYISZLI Miklós: Dr Mengele boncolóorvosa voltam,Italy,USA
HERNÁDI Gyula: A péntek lépcsőin,Italy,Venezuela
GÁRDONYI Géza: Isten rabjai,Italy,Yugoslavia
ZILAHY Lajos: A dühödt angyal,Italy,Yugoslavia
SZABÓ Magda: Az őz,Italy,Yugoslavia
DÉRY Tibor: G. A. úr X-ben,Italy,Yugoslavia
DÉRY Tibor: Niki,Italy,Yugoslavia
KARDOS G. György: Avraham Bogatir hét napja,Italy,Yugoslavia
ESTERHÁZY Péter: A szív segédigéi,Italy,Yugoslavia
HARSÁNYI Zsolt: És mégis mozog a föld,Italy,Yugoslavia
HARSÁNYI Zsolt: És mégis mozog a föld,Japan,Netherlands
KONRÁD György: A látogató,Japan,Netherlands
KONRÁD György: A látogató,Japan,Norway
KARINTHY Ferenc: Epepe,Japan,Norway
LENGYEL Péter: Ogg második bolygója,Japan,Poland
KERTÉSZ Ákos: Makra,Japan,Poland
KARINTHY Ferenc: Epepe,Japan,Poland
KERTÉSZ Ákos: Makra,Japan,Romania
ZILAHY Lajos: Halálos tavasz,Japan,Spain
KERTÉSZ Ákos: Makra,Japan,Spain
KONRÁD György: A látogató,Japan,Sweden
KERTÉSZ Ákos: Makra,Japan,Sweden
KARINTHY Ferenc: Epepe,Japan,Sweden
HARSÁNYI Zsolt: És mégis mozog a föld,Japan,Switzerland
KONRÁD György: A látogató,Japan,UK
KONRÁD György: A látogató,Japan,USA
ZILAHY Lajos: Halálos tavasz,Japan,Yugoslavia
HARSÁNYI Zsolt: És mégis mozog a föld,Japan,Yugoslavia
KERTÉSZ Ákos: Makra,Japan,Yugoslavia
SZÉKELY László: Őserdőktől ültetvényekig,Malaysia,Singapore
PASSUTH László: Esőisten siratja Mexikót,Mexico,Spain
PASSUTH László: Esőisten siratja Mexikót,Mexico,UK
PASSUTH László: Esőisten siratja Mexikót,Mexico,USA
PASSUTH László: Esőisten siratja Mexikót,Mexico,Yugoslavia
HARSÁNYI Zsolt: Magyar rapszódia: Liszt életének regénye,Netherlands,Norway
KONRÁD György: A látogató,Netherlands,Norway
NÁDAS Péter: Egy családregény vége,Netherlands,Norway
ILLÉS Béla: Fegyvert s vitézt éneklek,Netherlands,Poland
FÖLDES Jolán: A halászó macska uccája,Netherlands,Poland
SZABÓ Magda: Az őz,Netherlands,Poland
HEVESI Lajos: Jelky András kalandjai,Netherlands,Poland
NÁDAS Péter: Egy családregény vége,Netherlands,Poland
ILLYÉS Gyula: Ebéd a kastélyban,Netherlands,Poland
FÖLDES Jolán: A halászó macska uccája,Netherlands,Portugal
ILLÉS Béla: Fegyvert s vitézt éneklek,Netherlands,Romania
VASZARY Gábor: Monpti,Netherlands,South Korea
HARSÁNYI Zsolt: Magdolna,Netherlands,Spain
VASZARY Gábor: Monpti,Netherlands,Spain
HARSÁNYI Zsolt: Whisky szódával,Netherlands,Spain
SZABÓ Magda: Az őz,Netherlands,Spain
PASSUTH László: Fekete bársonyban,Netherlands,Spain
KONRÁD György: A cinkos,Netherlands,Spain
HARSÁNYI Zsolt: Magyar rapszódia: Liszt életének regénye,Netherlands,Sweden
SZABÓ Magda: Az őz,Netherlands,Sweden
GALGÓCZI Erzsébet: Törvényen belül,Netherlands,Sweden
KONRÁD György: A cinkos,Netherlands,Sweden
KONRÁD György: A látogató,Netherlands,Sweden
NÁDAS Péter: Egy családregény vége,Netherlands,Sweden
KONRÁD György: Kerti mulatság,Netherlands,Sweden
PILINSZKY János: Források:,Netherlands,Switzerland
HARSÁNYI Zsolt: És mégis mozog a föld,Netherlands,Switzerland
HARSÁNYI Zsolt: Magyar rapszódia: Liszt életének regénye,Netherlands,Turkey
KÖRMENDI Ferenc: Bűnösök,Netherlands,UK
SZABÓ Magda: Az őz,Netherlands,UK
KONRÁD György: A cinkos,Netherlands,UK
KONRÁD György: A látogató,Netherlands,UK
KÖRMENDI Ferenc: A tévedés,Netherlands,UK
SZABÓ Magda: Az őz,Netherlands,USA
KONRÁD György: A cinkos,Netherlands,USA
KONRÁD György: A látogató,Netherlands,USA
SEBESTYÉN György: Kilincs nélküli ajtók,Netherlands,USA
HERNÁDI Gyula: A péntek lépcsőin,Netherlands,Venezuela
HARSÁNYI Zsolt: Magyar rapszódia: Liszt életének regénye,Netherlands,Yugoslavia
SZABÓ Magda: Az őz,Netherlands,Yugoslavia
GALGÓCZI Erzsébet: Törvényen belül,Netherlands,Yugoslavia
KONRÁD György: A cinkos,Netherlands,Yugoslavia
NÁDAS Péter: Egy családregény vége,Netherlands,Yugoslavia
ILLYÉS Gyula: Ebéd a kastélyban,Netherlands,Yugoslavia
HARSÁNYI Zsolt: És mégis mozog a föld,Netherlands,Yugoslavia
DÉRY Tibor: Niki,Norway,Poland
NÁDAS Péter: Egy családregény vége,Norway,Poland
KARINTHY Ferenc: Epepe,Norway,Poland
RÓNAY György: A párduc és a gödölye,Norway,Poland
ZILAHY Lajos: Ararát,Norway,Spain
HARSÁNYI Zsolt: Magyar rapszódia: Liszt életének regénye,Norway,Sweden
ZILAHY Lajos: Ararát,Norway,Sweden
DÉRY Tibor: Niki,Norway,Sweden
NÁDAS Péter: Egy családregény vége,Norway,Sweden
Tóth Judith: Kifutópálya,Norway,Sweden
KARINTHY Ferenc: Epepe,Norway,Sweden
VÁMOS Miklós: Zenga Zének,Norway,Sweden
KARDOS G. György: Avraham Bogatir hét napja,Norway,Sweden
KONRÁD György: A látogató,Norway,Sweden
HARSÁNYI Zsolt: Magyar rapszódia: Liszt életének regénye,Norway,Turkey
DÉRY Tibor: Niki,Norway,Turkey
DÉRY Tibor: Niki,Norway,UK
KONRÁD György: A látogató,Norway,UK
ZILAHY Lajos: Ararát,Norway,USA
DÉRY Tibor: Niki,Norway,USA
KARDOS G. György: Avraham Bogatir hét napja,Norway,USA
KONRÁD György: A látogató,Norway,USA
HARSÁNYI Zsolt: Magyar rapszódia: Liszt életének regénye,Norway,Yugoslavia
ZILAHY Lajos: Ararát,Norway,Yugoslavia
DÉRY Tibor: Niki,Norway,Yugoslavia
NÁDAS Péter: Egy családregény vége,Norway,Yugoslavia
KARDOS G. György: Avraham Bogatir hét napja,Norway,Yugoslavia
KARINTHY Ferenc: Hangok az űrben,Norway,Yugoslavia
FÖLDES Jolán: A halászó macska uccája,Poland,Portugal
ASZTALOS István: Szél fúvatlan nem indul,Poland,Romania
GERGELY Sándor: Farkasok*,Poland,Romania
GERGELY Sándor: Vitézek és hősök,Poland,Romania
ILLÉS Béla: Fegyvert s vitézt éneklek,Poland,Romania
JÓKAI Mór: És mégis mozog a föld: Eppur si muove,Poland,Romania
SZÁNTÓ György: Stradivari,Poland,Romania
NYISZLI Miklós: Dr Mengele boncolóorvosa voltam,Poland,Romania
SZABÓ Magda: Pilátus,Poland,Romania
THURZÓ Gábor: A szent,Poland,Romania
KERTÉSZ Ákos: Makra,Poland,Romania
VIDOR Miklós: Önkéntes hajótöröttek,Poland,Romania
KOSZTOLÁNYI Dezső: Esti Kornél,Poland,Romania
PASSUTH László: Madrigál: Carlo Gesualdo életregénye,Poland,Romania
DÉRY Tibor: A kiközösítő,Poland,Romania
SÜTŐ András: Anyám könnyű álmot ígér,Poland,Romania
MUNKÁCSI Miklós: Kihívás,Poland,Romania
MOLDOVA György: Sötét angyal,Poland,Romania
BÁLINT Tibor: Zokogó majom,Poland,Romania
SZABÓ Magda: Az őz,Poland,Spain
MÉSZÖLY Miklós: Saulus,Poland,Spain
KERTÉSZ Ákos: Makra,Poland,Spain
DÉRY Tibor: G. A. úr X-ben,Poland,Spain
PASSUTH László: Lagúnák,Poland,Spain
PASSUTH László: Madrigál: Carlo Gesualdo életregénye,Poland,Spain
SZABÓ Magda: Az őz,Poland,Sweden
SZABÓ Magda: Pilátus,Poland,Sweden
"SZABÓ Magda: Mózes egy, huszonkettő",Poland,Sweden
KERTÉSZ Ákos: Makra,Poland,Sweden
BALÁZS József: Magyarok,Poland,Sweden
KARINTHY Ferenc: Epepe,Poland,Sweden
DÉRY Tibor: Niki,Poland,Sweden
ILLYÉS Gyula: Kháron ladikján,Poland,Sweden
CSOÓRI Sándor: Források:,Poland,Sweden
DÉRY Tibor: A kiközösítő,Poland,Sweden
NÁDAS Péter: Egy családregény vége,Poland,Sweden
MIKSZÁTH Kálmán: A Noszty fiú esete Tóth Marival,Poland,Switzerland
NYISZLI Miklós: Dr Mengele boncolóorvosa voltam,Poland,Switzerland
BALÁZS József: Magyarok,Poland,Switzerland
BALÁZS József: Magyarok,Poland,Turkey
DÉRY Tibor: Niki,Poland,Turkey
FÖLDES Jolán: Férjhez megyek,Poland,UK
ILLÉS Béla: Szkipetárok,Poland,UK
SZABÓ Magda: Az őz,Poland,UK
NYISZLI Miklós: Dr Mengele boncolóorvosa voltam,Poland,UK
SZABÓ Magda: Disznótor,Poland,UK
DÉRY Tibor: Niki,Poland,UK
SZABÓ Magda: Az őz,Poland,USA
NYISZLI Miklós: Dr Mengele boncolóorvosa voltam,Poland,USA
DÉRY Tibor: Niki,Poland,USA
CSOÓRI Sándor: Források:,Poland,USA
JÓKAI Mór: Szegény gazdagok,Poland,Yugoslavia
SZABÓ Magda: Az őz,Poland,Yugoslavia
ILLYÉS Gyula: Ebéd a kastélyban,Poland,Yugoslavia
KOSZTOLÁNYI Dezső: Pacsirta,Poland,Yugoslavia
BÓKAY János: Bohémek és pillangók: Puccini életregénye,Poland,Yugoslavia
SZERB Antal: A Pendragon legenda,Poland,Yugoslavia
KERTÉSZ Ákos: Makra,Poland,Yugoslavia
DÉRY Tibor: G. A. úr X-ben,Poland,Yugoslavia
GÁRDONYI Géza: Isten rabjai,Poland,Yugoslavia
DÉRY Tibor: Niki,Poland,Yugoslavia
KOLOZSVÁRI GRANDPIERRE Emil: Nők apróban,Poland,Yugoslavia
BALÁZS József: Fábián Bálint találkozása Istennel,Poland,Yugoslavia
KAFFKA Margit: Hangyaboly,Poland,Yugoslavia
NÁDAS Péter: Egy családregény vége,Poland,Yugoslavia
GION Nándor: Latroknak is játszott,Poland,Yugoslavia
MOLDOVA György: Sötét angyal,Poland,Yugoslavia
G. SZABÓ Judit: A macskát visszafelé simogatják,Poland,Yugoslavia
JÓKAI Anna: Jákob lajtorjája,Poland,Yugoslavia
Dalos György: 1985,Portugal,Sweden
Dalos György: 1985,Portugal,UK
Dalos György: 1985,Portugal,USA
PASSUTH László: A mantuai herceg muzsikusa,Romania,Spain
PASSUTH László: Madrigál: Carlo Gesualdo életregénye,Romania,Spain
KERTÉSZ Ákos: Makra,Romania,Spain
DÉRY Tibor: A kiközösítő,Romania,Sweden
KERTÉSZ Ákos: Makra,Romania,Sweden
SZABÓ Magda: Pilátus,Romania,Sweden
NYISZLI Miklós: Dr Mengele boncolóorvosa voltam,Romania,Switzerland
KATONA József: Bánk bán,Romania,Turkey
KUNCZ Aladár: Fekete kolostor,Romania,Turkey
KEMÉNY Zsigmond: Özvegy és leánya,Romania,Turkey
NYISZLI Miklós: Dr Mengele boncolóorvosa voltam,Romania,UK
NYISZLI Miklós: Dr Mengele boncolóorvosa voltam,Romania,USA
MÓRICZ Zsigmond: Rózsa Sándor a lovát ugratja,Romania,Yugoslavia
MOLDOVA György: Sötét angyal,Romania,Yugoslavia
KERTÉSZ Ákos: Makra,Romania,Yugoslavia
VASZARY Gábor: Monpti,South Korea,Spain
ZILAHY Lajos: Ararát,Spain,Sweden
SZABÓ Magda: Az őz,Spain,Sweden
KONRÁD György: A cinkos,Spain,Sweden
KERTÉSZ Ákos: Makra,Spain,Sweden
MÁRAI Sándor: A féltékenyek,Spain,Switzerland
ZILAHY Lajos: A dühödt angyal,Spain,Switzerland
ZILAHY Lajos: Két fogoly,Spain,Turkey
MÁRAI Sándor: A féltékenyek,Spain,Turkey
SZABÓ Magda: Az őz,Spain,UK
PASSUTH László: Esőisten siratja Mexikót,Spain,UK
KONRÁD György: A cinkos,Spain,UK
ZILAHY Lajos: A dühödt angyal,Spain,UK
ZILAHY Lajos: Ararát,Spain,USA
ZILAHY Lajos: Két fogoly,Spain,USA
SZABÓ Magda: Az őz,Spain,USA
PASSUTH László: Esőisten siratja Mexikót,Spain,USA
KONRÁD György: A cinkos,Spain,USA
ZILAHY Lajos: A dühödt angyal,Spain,USA
ZILAHY Lajos: Ararát,Spain,Yugoslavia
ZILAHY Lajos: Két fogoly,Spain,Yugoslavia
ZILAHY Lajos: Valamit visz a víz,Spain,Yugoslavia
ZILAHY Lajos: A fegyverek visszanéznek,Spain,Yugoslavia
ZILAHY Lajos: A lélek kialszik,Spain,Yugoslavia
ZILAHY Lajos: A szökevény,Spain,Yugoslavia
ZILAHY Lajos: Halálos tavasz,Spain,Yugoslavia
SZABÓ Magda: Az őz,Spain,Yugoslavia
DÉRY Tibor: G. A. úr X-ben,Spain,Yugoslavia
PASSUTH László: Esőisten siratja Mexikót,Spain,Yugoslavia
KONRÁD György: A cinkos,Spain,Yugoslavia
KERTÉSZ Ákos: Makra,Spain,Yugoslavia
ZILAHY Lajos: A dühödt angyal,Spain,Yugoslavia
BALÁZS József: Magyarok,Sweden,Switzerland
DÉRY Tibor: Niki,Sweden,Turkey
BALÁZS József: Magyarok,Sweden,Turkey
HARSÁNYI Zsolt: Magyar rapszódia: Liszt életének regénye,Sweden,Turkey
DÉRY Tibor: Niki,Sweden,UK
SZABÓ Magda: Az őz,Sweden,UK
KONRÁD György: A látogató,Sweden,UK
Dalos György: 1985,Sweden,UK
KONRÁD György: A cinkos,Sweden,UK
KONRÁD György: A városalapító,Sweden,UK
ZILAHY Lajos: Ararát,Sweden,USA
DÉRY Tibor: Niki,Sweden,USA
SZABÓ Magda: Az őz,Sweden,USA
KONRÁD György: A látogató,Sweden,USA
CSOÓRI Sándor: Források:,Sweden,USA
Dalos György: 1985,Sweden,USA
KARDOS G. György: Avraham Bogatir hét napja,Sweden,USA
KONRÁD György: Antipolitika,Sweden,USA
KONRÁD György: A cinkos,Sweden,USA
KONRÁD György: A városalapító,Sweden,USA
ZILAHY Lajos: Ararát,Sweden,Yugoslavia
DÉRY Tibor: Niki,Sweden,Yugoslavia
SZABÓ Magda: Az őz,Sweden,Yugoslavia
NÁDAS Péter: Egy családregény vége,Sweden,Yugoslavia
GALGÓCZI Erzsébet: Törvényen belül,Sweden,Yugoslavia
KARDOS G. György: Avraham Bogatir hét napja,Sweden,Yugoslavia
ESTERHÁZY Péter: A szív segédigéi,Sweden,Yugoslavia
KERTÉSZ Ákos: Makra,Sweden,Yugoslavia
HARSÁNYI Zsolt: Magyar rapszódia: Liszt életének regénye,Sweden,Yugoslavia
KONRÁD György: A cinkos,Sweden,Yugoslavia
MÁRAI Sándor: A féltékenyek,Switzerland,Turkey
BALÁZS József: Magyarok,Switzerland,Turkey
JÓKAI Mór: Az új földesúr,Switzerland,Turkey
ZILAHY Lajos: A dühödt angyal,Switzerland,UK
NYISZLI Miklós: Dr Mengele boncolóorvosa voltam,Switzerland,UK
SÜTŐ András: Csillag a máglyán,Switzerland,USA
ZILAHY Lajos: A dühödt angyal,Switzerland,USA
NYISZLI Miklós: Dr Mengele boncolóorvosa voltam,Switzerland,USA
JÓKAI Mór: Az új földesúr,Switzerland,Yugoslavia
HARSÁNYI Zsolt: És mégis mozog a föld,Switzerland,Yugoslavia
ZILAHY Lajos: A dühödt angyal,Switzerland,Yugoslavia
DÉRY Tibor: Niki,Turkey,UK
ZILAHY Lajos: Két fogoly,Turkey,USA
DÉRY Tibor: Niki,Turkey,USA
JÓKAI Mór: Az új földesúr,Turkey,Yugoslavia
HARSÁNYI Zsolt: Magyar rapszódia: Liszt életének regénye,Turkey,Yugoslavia
ZILAHY Lajos: Két fogoly,Turkey,Yugoslavia
DÉRY Tibor: Niki,Turkey,Yugoslavia
KACZÉR Illés: Jerichó ostroma,UK,USA
PASSUTH László: Esőisten siratja Mexikót,UK,USA
ZILAHY Lajos: A dühödt angyal,UK,USA
SZABÓ Magda: Az őz,UK,USA
DÉRY Tibor: Niki,UK,USA
CSÁTH Géza: Források:,UK,USA
KONRÁD György: A városalapító,UK,USA
KONRÁD György: A cinkos,UK,USA
Dalos György: 1985,UK,USA
NYISZLI Miklós: Dr Mengele boncolóorvosa voltam,UK,USA
SZÁSZ Béla: Minden kényszer nélkül,UK,USA
KONRÁD György: A látogató,UK,USA
PASSUTH László: Esőisten siratja Mexikót,UK,Yugoslavia
ZILAHY Lajos: A dühödt angyal,UK,Yugoslavia
SZABÓ Magda: Az őz,UK,Yugoslavia
DÉRY Tibor: Niki,UK,Yugoslavia
CSÁTH Géza: Források:,UK,Yugoslavia
KONRÁD György: A cinkos,UK,Yugoslavia
ZILAHY Lajos: A dühödt angyal,USA,Yugoslavia
ZILAHY Lajos: Ararát,USA,Yugoslavia
SZABÓ Magda: Az őz,USA,Yugoslavia
ZILAHY Lajos: Két fogoly,USA,Yugoslavia
ZILAHY Lajos: A bibor évszázad,USA,Yugoslavia
KARDOS G. György: Avraham Bogatir hét napja,USA,Yugoslavia
CSÁTH Géza: Források:,USA,Yugoslavia
PASSUTH László: Esőisten siratja Mexikót,USA,Yugoslavia
DÉRY Tibor: Niki,USA,Yugoslavia
KARINTHY Ferenc: Bösendorfer,USA,Yugoslavia
KONRÁD György: A cinkos,USA,Yugoslavia
